StartDate,EndDate,Status,Progress,Duration__in_seconds_,Finished,RecordedDate,ExternalReference,DistributionChannel,Q2,Gender,Age,Ethnicity,Ethnicity_6_TEXT,Ethnicity_7_TEXT,Married,LadderComm,LadderUK,Education,Education_8_TEXT,Employment,Incomesour,Incomesour_5_TEXT,Jobsector,Q12b,Q12c,Childyesno,Q14a,Q14c,Q14d,Q15,Q15_4_TEXT,Q16,Q17,Q18,Q19,Q20,Q20_10_TEXT,Q21a,Q21b,Q21c,Q21d,Q22,Q23,Q23_8_TEXT,Q24,Q25,Q25_8_TEXT,SOQ_1,SOQ_2,SOQ_3,SOQ_4,SOQ_5,SOQ_6,SOQ_7,SOQ_8,SOQ_9,SOQ_10,OBC_1,OBC_2,OBC_3,OBC_4,OBC_5,OBC_6,OBC_7,OBC_8,OBC_9,OBC_10,OBC_11,OBC_12,OBC_13,OBC_14,OBC_15,OBC_16,OBC_17,OBC_18,OBC_19,OBC_20,OBC_21,OBC_22,OBC_23,OBC_24
3/22/2016 10:27:50,3/22/2016 10:31:25,0,100,215,1,3/22/2016 10:31:26, ,anonymous,1,2,41,1, , ,1,4,4,2, ,1,1, ,IT,Analyst,6,2,1,1,1,1, ,6,5,10,11,1, ,3,5,3,2,na,2, ,IT,3, ,9,1,4,3,7,6,2,8,5,10,3,4, ,3,4,4,4,4,5,4,4,1,4,4,4,1,4,4,4,4,4,1,4,4
3/22/2016 10:27:48,3/22/2016 10:34:32,0,100,404,1,3/22/2016 10:34:33, ,anonymous,1,2,43,4, , ,1,4,5,4, ,2,2, ,Media,Manager,4,2,3,3,2,1, ,11,4,10,11,3, ,3,4,2,1,Cook,3, ,Shop owner,2, ,2,1,7,4,3,6,8,10,9,5,3,5,4,4,3,5,4,5,5,5,4,5,4,3,5,3,4,5,4,4,5,3,5,5
3/22/2016 10:27:51,3/22/2016 10:35:11,0,100,440,1,3/22/2016 10:35:12, ,anonymous,1,2,29,1, , ,1,7,4,4, ,1,1, ,CATERING,BAKER,2,2,1,1,1,2, ,3,3,4,5,6, ,3,3,1,2,NONE,1, ,MARINE ENGINEER,4, ,2,3,9,5,6,7,1,8,4,10,3,4,5,4,4,4,4,6,6,4,3,4,4,5,5,4,4,3,6,4,3,3,6,5
3/22/2016 10:27:41,3/22/2016 10:37:22,0,100,581,1,3/22/2016 10:37:23, ,anonymous,1,2,53,1, , ,5,10,6,4, ,2,1, ,Technology/Internet,Independent contractor,2,1,3,2,1,1, ,2,2,1,1,8, ,3,5,2,2,Civil servant,2, ,Engineer,2, ,4,3,2,7,9,8,5,10,6,1,7,7,7,7,1,1,7,7,1,1,1,1,7,1,7,1,6,5,6,6,6,5,6,5
3/22/2016 10:28:04,3/22/2016 10:37:51,0,100,586,1,3/22/2016 10:37:52, ,anonymous,1,2,28,1, , ,2,5,8,5, ,1,1, ,Law,Law,3,2,2,2,2,1, ,5,1,2,1,3, ,3,4,2,2,Teacher,5, ,Accountant,4, ,5,1,2,4,7,6,3,8,9,10,3,6,6,4,2,2,5,6,3,2,1,1,5,1,5,1,5,5,3,2,2,2,6,3
3/22/2016 10:27:28,3/22/2016 10:37:55,0,100,627,1,3/22/2016 10:37:56, ,anonymous,1,2,28,1, , ,2,8,6,2, ,3,3, ,Healthcare,Care assistant,2,2,2,2,1,1, ,5,2,1,1,8, ,2,4,2,1,Data input clerk,2, ,Mechanical sweeper driver,1, ,10,7,1,9,3,2,5,8,6,4,1,3,1,1,7,7,1,1,7,7,7,7,1,7,1,7,4,5,5,3,4,4,5,4
3/22/2016 10:27:43,3/22/2016 10:38:20,0,100,637,1,3/22/2016 10:38:21, ,anonymous,1,2,58,1, , ,2,5,9,2, ,3,3, ,Shop,Shop assistant,2,1,3,2,1,1, ,3, ,4,3,3, ,3,3,1,0,house wife,2, ,factory worker,2, ,4,1,2,9,8,6,3,10,5,7,5,4,3,6,4,4,4,5,4,4,4,2,5,5,5,3,5,5,4,3,3,5,5,5
3/22/2016 10:29:28,3/22/2016 10:39:18,0,100,589,1,3/22/2016 10:39:19, ,anonymous,1,2,22,1, , ,1,6,5,2, ,2,1, ,Education,Assistant,1,2,4,3,2,2, ,7,1,1,1,1, ,2,3,1,1,Mother,1, ,Car man,2, ,2,1,6,3,10,5,4,8,7,9,1,4,5,1,7,6,5,4,2,4,1,3,6,2,5,2,2,3,5,2,4,3,5,3
3/22/2016 10:28:14,3/22/2016 10:39:46,0,100,691,1,3/22/2016 10:39:49, ,anonymous,1,2,43,1, , ,2,5,5,2, ,2,3, ,Education,LSA,1,1,4,3,2,2, ,7,1,1,1,1, ,3,5,3,2,Cashier,1, ,Lorry driver,1, ,2,1,3,5,9,4,8,10,6,7,4,4,5,2,6,6,5,4,3,3,4,5,5,3,5,3,3,3,4,3,2,2,5,3
3/22/2016 10:27:47,3/22/2016 10:53:21,0,100,1533,1,3/22/2016 10:53:22, ,anonymous,1,2,60,1, , ,2,9,7,1, ,1,3, ,Business Services,Customer Service,2,1,4,4,3,1, ,7,3,10,11,2, ,4,4,2,1,housewife,1, ,Business Owner,2, ,3,2,1,6,10,7,5,9,4,8,4,5,6,3,3,4,4,6,4,5,2,7,4,5,4,6,6,4,4,5,2,2,7,5
3/22/2016 11:01:24,3/22/2016 11:15:52,0,100,868,1,3/22/2016 11:15:53, ,anonymous,1,2,28,1, , ,1,3,4,4, ,3,3, ,n/a,n/a,1,2,2,2,1,1, ,4,2,2,3,3, ,5,4,1,3,Housewife,1, ,Electrician,3, ,5,6,3,7,4,2,8,9,10,1,1,1,1,1,7,7,1,1,2,6,5,6,5,2,3,6,3,2,6,2,2,1,7,5
3/22/2016 11:14:01,3/22/2016 11:25:19,0,100,677,1,3/22/2016 11:25:19, ,anonymous,1,2,71,1, , ,4,4,8,1, ,6,5,Old age benefits,Manufacturing,Office supervisor,3,1,1,1,1,1, ,2,2,1,1,3, ,3,7,5,1,Nonw,1, ,Works manager,3, ,2,1,4,5,10,8,3,9,7,6,5,6,7,7,3,4,5,7,1,2,1,1,1,1,5,1,6,4,5,5,5,5,4,4
3/22/2016 11:18:06,3/22/2016 11:25:24,0,100,437,1,3/22/2016 11:25:25, ,anonymous,1,2,30,4, , ,2,3,5,4, ,1,3, ,healthcare,doctor,6,1,3,2,2,2, ,7,4,4,5,8, ,3,7,5,1,housewife,1, ,machinist,1, ,2,1,4,6,8,9,7,10,3,5,5,6,3,5,2,5,3,5,3,2,1,1,6,1,7,1,3,3,6,1,4,1,4,6
3/22/2016 11:22:23,3/22/2016 11:33:49,0,100,686,1,3/22/2016 11:33:50, ,anonymous,1,2,26,1, , ,1,4,4,4, ,1,1, ,Healthcare,Telemetry Technician,4,2,5,3,2,2, ,1,5,2,2,3, ,2,5,3,0,Home,2, ,Policeman,4, ,2,1,7,6,8,4,5,9,3,10,5,7,6,6,6,6,7,7,6,2,1,1,3,2,6,2,5,6,5,3,6,5,7,6
3/22/2016 11:41:13,3/22/2016 11:47:49,0,100,396,1,3/22/2016 11:47:50, ,anonymous,1,2,36,1, , ,2,3,4,4, ,2,3, ,Computing,Programmer,1,1,4,2,2,1, ,5,2,4,1,3, ,4,3,2,3,Primary School Teacher,3, ,Accountant,3, ,3,2,8,5,6,7,4,9,1,10,2,3,6,4,5,6,3,6,4,3,3,2,3,2,5,4,2,2,6,1,1,1,6,2
3/22/2016 11:49:56,3/22/2016 11:59:34,0,100,578,1,3/22/2016 11:59:35, ,anonymous,1,2,33,1, , ,1,7,6,3, ,4,1, ,Construction,Purchase Ledger Clerk,4,2,1,1,1,2, ,4,1,1,1,6, ,3,3,1,1,Hand Sewer,1, ,Retail Manager,1, ,5,1,4,8,10,7,2,9,3,6,3,7,7,4,1,4,5,4,4,2,2,1,4,3,4,4,7,1,5,6,3,1,6,1
3/22/2016 11:51:58,3/22/2016 12:00:15,0,100,497,1,3/22/2016 12:00:16, ,anonymous,1,2,37,1, , ,6,8,9,3, ,1,1, ,education,teaching assistant,2,1,3,1,1,1, ,4,1,1,11,7, ,3,4,2,2,0,9, ,self employed,1, ,10,1,2,5,9,3,6,8,4,7,3,5,5,2,5,5,3,5,5,5,5,5,4,2,5,3,5,6,5,3,5,3,6,6
3/22/2016 11:55:45,3/22/2016 12:04:56,0,100,551,1,3/22/2016 12:04:57, ,anonymous,1,2,31,1, , ,1,10,10,4, ,5,5,Sickness benefits,Heritage/Tourism,Security Officer,4,2,2,2,1,2, ,6,1,1,1,8, ,3,3,1,1,Retired,1, ,Retired,1, ,7,3,1,9,4,2,5,10,6,8,1,1,1,1,7,7,1,1,7,7,7,7,5,3,1,7,7,5,4,4,4,5,4,3
3/22/2016 11:54:07,3/22/2016 12:13:08,0,100,1141,1,3/22/2016 12:13:09, ,anonymous,1,2,37,1, , ,3,6,4,4, ,3,3, ,Healthcare,Psychological practitioner,5,1,3,2,1,1, ,7,3,4,1,3, ,4,4,2,2,Lab technician,3, ,Rig manager,1, ,10,4,2,7,5,1,3,9,6,8,2,3,3,4,5,5,3,2,2,1,1,1,7,1,7,1,4,2,5,1,2,1,7,2
3/22/2016 12:10:59,3/22/2016 12:17:38,0,100,399,1,3/22/2016 12:17:39, ,anonymous,1,2,29,1, , ,1,10,10,2, ,5,4, ,teaching,teaching assistant,1,2,1,1,1,2, ,1,1,1,1,10,Local Market,3,3,1,1,Call Centre Support,3, ,RAF Sergeant,3, ,10,4,1,8,5,2,7,9,6,3,2,4,2,1,4,7,1,3,5,3,3,4,3,3,3,5,1,1,6,2,1,5,5,2
3/22/2016 12:12:38,3/22/2016 12:19:34,0,100,415,1,3/22/2016 12:19:35, ,anonymous,1,2,48,1, , ,2,6,6,2, ,1,1, ,engineering,managment,4,1,3,3,2,2, ,6,2,2,5,9, ,3,5,3,2,houswife,3, ,builder,2, ,3,1,2,5,10,8,6,9,7,4,2,4,3,3,5,5,5,4,5,5,5,5,4,4,4,5,6,5,4,4,4,4,4,4
3/22/2016 12:13:17,3/22/2016 12:19:39,0,100,381,1,3/22/2016 12:19:40, ,anonymous,1,2,27,1, , ,2,5,7,2, ,1,1, ,Finance,Service / Admin,3,2,2,2,2,2, ,5,2,2,1,3, ,3,3,1,2,Factory Worker,1, ,Storeperson,1, ,8,1,2,6,4,3,7,10,9,5,1,3,3,2,5,4,3,4,6,5,5,7,3,3,3,5,3,3,5,2,1,1,7,3
3/22/2016 12:01:55,3/22/2016 12:20:50,0,100,1134,1,3/22/2016 12:20:50, ,anonymous,1,2,25,1, , ,1,5,6,5, ,1,1, ,healthcare,dentist,1,2,1,1,1,2, ,1,1,1,11,9, ,1,1,0,0,housewife,2, ,driver,1, ,4,3,1,8,9,7,2,10,6,5,1,4,4,2,3,6,2,4,3,2,1,1,3,1,5,3,2,5,5,2,5,1,6,4
3/22/2016 12:12:08,3/22/2016 12:26:55,0,100,887,1,3/22/2016 12:26:56, ,anonymous,1,2,53,1, , ,5,6,7,3, ,5,5,disability,healthcare,bookkeeper,3,1,3,3,3,1, ,5,3,2,3,3, ,3,4,1,0,Cleaner,1, ,Miner,1, ,6,2,1,5,7,8,4,9,3,10,5,4,3,5,4,4,3,5,4,5,4,5,3,2,5,4,4,5,4,3,4,4,3,4
3/22/2016 12:16:27,3/22/2016 12:27:18,0,100,650,1,3/22/2016 12:27:19, ,anonymous,1,2,33,1, , ,1,8,6,2, ,1,1, ,Proofreading,Proofreader,2,2,2,2,2,2, ,7,5,7,8,3, ,3,4,2,1,Unemployed,4, ,CPO in the Royal Navy,2, ,3,1,5,6,9,7,4,10,2,8,3,6,6,3,3,2,3,7,2,4,5,3,6,3,5,5,6,4,5,3,3,3,6,5
3/22/2016 12:18:21,3/22/2016 12:28:17,0,100,595,1,3/22/2016 12:28:19, ,anonymous,1,2,59,1, , ,2,6,5,1, ,2,3, ,kitchen,kitchen assistant,2,1,3,e,2,1, ,4,5,5,6,9, ,3,4,2,1,factory,1, ,mechanic,1, ,1,3,4,2,10,5,6,8,9,7,1,3,6,1,1,1,7,3,7,6,3,7,1,7,3,7,1,2,7,1,3,3,7,4
3/22/2016 12:25:20,3/22/2016 12:34:19,0,100,539,1,3/22/2016 12:34:20, ,anonymous,1,2,45,1, , ,2,6,7,4, ,1,1, ,catering,safety audits,5,2,4,4,3,1, ,7,5,2,3,3, ,4,4,2,3,administrator,2, ,safety officer,3, ,3,1,6,5,9,7,2,8,4,10,3,4,5,2,4,5,3,5,1,4,1,4,4,1,4,4,4,2,4,2,5,2,4,3
3/22/2016 12:29:05,3/22/2016 12:36:52,0,100,467,1,3/22/2016 12:36:53, ,anonymous,1,2,43,1, , ,2,6,7,2, ,3,3, ,child care,Nanny for two children,1,2,2,2,1,2, ,3,1,2,2,3, ,3,5,3,1,Home Maker,2, ,Pastor,2, ,8,4,1,6,7,2,3,9,5,10,1,3,2,3,3,2,2,2,6,6,3,1,2,2,5,2,5,5,5,2,3,3,5,5
3/22/2016 12:29:48,3/22/2016 12:46:39,0,100,1011,1,3/22/2016 12:46:40, ,anonymous,1,2,31,1, , ,1,5,5,7, ,1,1, ,Marketing,Design,4,1,3,2,2,1, ,6,3,4,1,3, ,3,3,2,0,Childminder,2, ,N/A,9, ,10,1,3,9,7,2,4,8,6,5,2,2,2,2,7,6,3,3,5,3,1,1,3,5,6,5,3,1,3,3,3,5,6,3
3/22/2016 12:35:55,3/22/2016 12:46:55,0,100,660,1,3/22/2016 12:46:56, ,anonymous,1,2,33,1, , ,1,8,10,4, ,3,3, ,admin,admin,2,1,3,2,2,1, ,4,1,1,1,7, ,2,4,2,1,cleaner,1, ,council worker,1, ,9,4,1,10,5,3,6,8,7,2,1,3,2,1,7,7,1,2,7,7,7,7,1,5,2,5,6,4,5,2,5,4,5,4
3/22/2016 12:42:02,3/22/2016 12:48:49,0,100,407,1,3/22/2016 12:48:50, ,anonymous,1,2,41,1, , ,2,5,5,3, ,1,1, ,Administration,Freelance Medical Secretary,3,1,3,2,2,1, ,6,3,5,6,3, ,2,2,1,0,Shop Assistant,2, ,Screen Printer,1, ,8,2,1,4,6,7,3,10,5,9,3,3,4,3,5,5,3,5,7,5,4,7,3,3,6,4,4,1,3,4,2,5,4,2
3/22/2016 12:40:12,3/22/2016 12:51:28,0,100,675,1,3/22/2016 12:51:29, ,anonymous,1,2,38,6,chinese/english, ,1,4,6,3, ,5,4, ,education,office manager,2,1,3,1,0,2, ,2,3,3,4,10,ocado,3,5,3,1,decorator,2, ,decorator,2, ,2,10,5,4,3,1,7,8,9,6,1,5,5,3,5,6,3,3,2,6,1,1,3,2,2,5,2,5,5,1,1,1,6,1
3/22/2016 12:45:26,3/22/2016 12:53:20,0,100,473,1,3/22/2016 12:53:21, ,anonymous,1,2,49,1, , ,5,5,6,5, ,1,1, ,healthcare,advanced neonatal nurse practitioner,7,1,3,3,2,1, ,7,4,2,3,7, ,3,6,4,1,housewife,1, ,lecturer,3, ,4,1,5,6,10,9,2,7,3,8,1,7,4,3,5,4,1,4,7,4,4,7,4,4,6,6,4,2,5,2,2,2,6,2
3/22/2016 12:41:44,3/22/2016 12:53:57,0,100,732,1,3/22/2016 12:53:58, ,anonymous,1,2,44,1, , ,3,4,5,4, ,2,3, ,Education,Academic support worker (university),4,1,4,2,2,1, ,5,4,5,7,3, ,3,4,2,1,Doctors receptionist,2, ,Double glazing fitter,1, ,10,3,2,6,9,8,5,7,4,1,3,4,5,3,2,4,4,5,3,2,1,2,3,1,7,3,6,6,5,2,2,5,5,6
3/22/2016 12:56:54,3/22/2016 13:03:16,0,100,381,1,3/22/2016 13:03:17, ,anonymous,1,2,27,3, , ,1,7,7,4, ,1,1, ,Education,Communications Officer,4,2,4,4,3,2, ,7,1,1,1,3, ,3,4,2,1,Telesales,2, ,Customer services,2, ,10,2,1,9,8,6,5,7,4,3,1,5,2,1,3,6,1,4,6,5,6,7,1,7,2,6,6,4,5,2,2,4,6,3
3/22/2016 12:58:01,3/22/2016 13:03:41,0,100,339,1,3/22/2016 13:03:42, ,anonymous,1,2,40,1, , ,2,5,5,2, ,3,3, ,catering,website owner,6,1,3,2,2,1, ,6,1,1,1,1, ,3,3,1,1,shop assistant,3, ,cleaner,1, ,3,4,6,7,5,8,2,9,1,10,4,5,7,5,5,7,7,1,1,7,5,1,4,4,7,1,7,5,6,5,6,2,7,6
3/22/2016 12:51:30,3/22/2016 13:04:20,0,100,770,1,3/22/2016 13:04:21, ,anonymous,1,2,34,1, , ,1,4,6,5, ,1,1, ,medical sales,"content writer, marketing",4,2,1,1,1,2, ,4,3,2,3,3, ,3,4,2,1,care assistant in residential home,1, ,bricklayer,1, ,10,4,6,8,3,1,5,7,2,9,3,4,5,2,3,3,2,5,5,3,3,1,3,2,5,4,2,2,6,2,1,2,7,2
3/22/2016 12:55:14,3/22/2016 13:04:32,0,100,558,1,3/22/2016 13:04:33, ,anonymous,1,2,55,1, , ,2,3,4,4, ,1,1, ,Education,Secondary School Teacher,6,1,2,2,2,1, ,8,5,6,6,9, ,3,4,2,1,housewife,1, ,lorry driver,1, ,8,1,3,5,9,6,4,7,2,10,1,5,4,1,7,7,1,3,5,6,2,2,2,6,4,5,3,5,5,2,3,2,7,5
3/22/2016 12:58:29,3/22/2016 13:05:26,0,100,416,1,3/22/2016 13:05:27, ,anonymous,1,2,30,2, , ,3,6,6,4, ,1,1, ,Healthcare,Healthcare Assistant,4,1,3,2,1,2, ,4,5,1,3,1, ,2,2,1,1,Qualified Youth Worker,3, ,Youth Worker,3, ,3,1,4,6,5,7,8,9,2,10,1,4,4,3,5,5,3,4,4,4,5,5,5,4,3,2,4,4,4,5,4,3,4,4
3/22/2016 12:53:25,3/22/2016 13:07:54,0,100,869,1,3/22/2016 13:07:55, ,anonymous,1,2,54,1, , ,5,8,8,2, ,2,5,Self employed income supplemented by working tax credit,Trade,Domestic help,1,2,1,1,1,2, ,1,3,2,3,1, ,5,6,4,None,Housewife,2, ,Governement office worker/white collar,2, ,1,4,6,3,10,9,2,8,5,7,3,6,6,3,2,3,5,7,5,4,4,1,3,2,5,4,3,3,4,3,5,3,4,4
3/22/2016 12:56:16,3/22/2016 13:08:31,0,100,735,1,3/22/2016 13:08:32, ,anonymous,1,2,33,1, , ,1,8,8,5, ,1,1, ,Healthcare,Radiography assistant,4,1,5,2,2,2, ,6,1,2,1,1, ,3,4,2,2,Post office worker,2, ,Painter and decorator,1, ,7,1,2,5,6,4,3,9,10,8,3,5,3,3,3,4,3,4,2,5,2,7,2,3,2,6,3,2,7,3,2,2,7,4
3/22/2016 12:57:49,3/22/2016 13:10:15,0,100,745,1,3/22/2016 13:10:16, ,anonymous,1,2,55,1, , ,1,6,5,4, ,1,1, ,Editing,Editor,2,2,1,1,1,1, ,2,5,5,6,3, ,3,4,1,1,childcare,1, ,electrical fitter,1, ,8,5,1,9,7,3,6,10,4,2,6,7,3,6,1,1,6,6,6,5,1,7,7,1,6,6,6,4,6,3,3,2,7,5
3/22/2016 13:04:45,3/22/2016 13:10:33,0,100,348,1,3/22/2016 13:10:34, ,anonymous,1,2,31,1, , ,2,3,3,4, ,1,1, ,Aviation,Accountant,6,2,2,2,2,1, ,8,2,3,2,2, ,3,4,2,1,Housewife,2, ,Labratory Assistant,1, ,5,3,8,9,4,2,6,10,1,7,2,4,3,2,5,3,3,4,5,5,5,3,4,5,4,5,5,4,3,4,5,4,5,4
3/22/2016 13:01:43,3/22/2016 13:10:33,0,100,529,1,3/22/2016 13:10:34, ,anonymous,1,2,30,1, , ,2,4,5,2, ,1,1, ,education,administration,5,2,2,2,2,2, ,7,3,3,4,3, ,3,3,2,1,carer,1, ,IT technician,2, ,8,1,5,9,4,2,3,7,10,6,2,3,4,1,5,6,3,3,5,5,3,1,2,4,4,4,3,3,7,2,1,3,5,2
3/22/2016 13:02:37,3/22/2016 13:11:54,0,100,557,1,3/22/2016 13:11:55, ,anonymous,1,2,34,7, ,Welsh,1,7,7,4, ,1,1, ,Design/Software Development,Graphic Illustrator/Software Developer,2,2,3,3,2,1, ,5,5,5,6,3, ,3,4,2,2,Housewife,1, ,Software Engineer,4, ,7,2,1,5,9,4,6,10,8,3,5,5,3,6,2,2,5,2,5,4,1,5,6,1,6,3,3,3,5,2,2,3,1,2
3/22/2016 13:05:53,3/22/2016 13:12:43,0,100,409,1,3/22/2016 13:12:44, ,anonymous,1,2,41,1, , ,1,7,9,2, ,5,4, ,sales and marketing,sales assistant,2,2,2,2,2,1, ,11,1,8,8,3, ,3,6,4,0,shop worker,1, ,gardener,2, ,4,2,3,7,5,6,8,10,1,9,1,2,2,2,6,6,2,4,6,6,6,7,2,6,3,6,2,5,5,3,1,6,6,1
3/22/2016 13:05:52,3/22/2016 13:12:51,0,100,419,1,3/22/2016 13:12:52, ,anonymous,1,2,40,1, , ,1,9,8,2, ,1,1, ,Civil Service,Administration/customer service,4,2,1,1,1,1, ,4,2,2,3,3, ,3,3,1,1,Bank Cashier,1, ,Police officer,2, ,7,1,2,5,10,9,4,8,3,6,2,6,5,6,4,3,4,6,7,6,3,5,1,7,5,6,5,4,2,3,2,3,2,3
3/22/2016 13:05:02,3/22/2016 13:13:46,0,100,523,1,3/22/2016 13:13:47, ,anonymous,1,2,50,1, , ,2,3,6,2, ,2,1, ,legal,Legal Secretary,3,1,5,3,3,1, ,7,3,4,5,3, ,3,4,3,0,Store Manager,2, ,Plumber,2, ,7,1,4,5,9,8,2,10,3,6,1,6,6,3,1,1,6,6,1,1,1,2,3,1,6,2,2,2,6,1,2,2,6,4
3/22/2016 13:01:36,3/22/2016 13:14:43,0,100,787,1,3/22/2016 13:14:44, ,anonymous,1,2,25,1, , ,1,7,6,4, ,1,1, ,Retail,Artist,3,2,2,2,2,2, ,4,1,4,1,1, ,4,4,2,2,Teacher,3, ,Accountant,3, ,9,6,2,8,7,1,3,10,4,5,2,6,4,5,3,3,5,2,5,3,1,4,3,3,5,5,3,3,7,3,2,5,4,2
3/22/2016 13:09:25,3/22/2016 13:15:40,0,100,374,1,3/22/2016 13:15:40, ,anonymous,1,2,40,1, , ,2,3,3,4, ,1,1, ,Education,Lecturer,5,1,4,2,2,1, ,6,3,10,11,8, ,3,4,2,2,Manufacturing,2, ,Manufacturing,2, ,2,1,3,6,5,4,7,8,9,10,2,2,2,4,3,2,3,4,4,2,2,1,3,2,6,1,1,1,5,2,3,4,5,3
3/22/2016 13:04:41,3/22/2016 13:16:53,0,100,732,1,3/22/2016 13:16:54, ,anonymous,1,2,53,1, , ,1,6,4,4, ,2,1, ,Healthcare,Registered nurse,5,1,2,2,2,1, ,7,5,7,8,3, ,3,4,2,2,University Professor,2, ,University Professor,6, ,2,1,3,7,8,6,4,9,5,10,3,4,7,5,4,2,6,6,7,4,1,1,4,1,3,5,4,5,4,3,1,1,7,6
3/22/2016 12:55:20,3/22/2016 13:17:09,0,100,1309,1,3/22/2016 13:17:10, ,anonymous,1,2,34,1, , ,1,5,5,2, ,2,3, ,Retail,Sales Assistant,2,2,2,2,2,2, ,7,2,1,1,3, ,3,4,2,0,Factory worker,2, ,Factory worker,2, ,4,7,2,5,6,8,9,3,10,1,3,4,5,3,4,5,3,5,1,4,1,1,7,1,5,1,4,3,5,1,3,7,4,4
3/22/2016 13:09:10,3/22/2016 13:19:37,0,100,627,1,3/22/2016 13:19:38, ,anonymous,1,2,56,1, , ,2,5,5,2, ,2,3, ,Retail,Proprietor,4,1,3,3,3,1, ,7,5,7,8,3, ,3,5,3,1,Homemaker,2, ,Fireman,1, ,5,1,2,7,8,3,6,10,4,9,3,6,6,3,2,3,5,5,3,3,1,5,3,2,6,2,5,4,5,2,4,3,6,3
3/22/2016 13:13:18,3/22/2016 13:21:02,0,100,464,1,3/22/2016 13:21:03, ,anonymous,1,2,28,1, , ,2,4,6,4, ,2,1, ,Pharmaceuticals,Project coordinator,3,1,4,2,2,1, ,6,3,2,1,3, ,3,4,2,1,Cleaner,1, ,Aircraft fitter,1, ,10,3,1,7,5,2,8,4,9,6,5,3,4,6,5,5,3,5,6,7,5,3,3,4,3,5,5,2,3,3,1,1,7,2
3/22/2016 13:13:33,3/22/2016 13:21:35,0,100,482,1,3/22/2016 13:21:36, ,anonymous,1,2,57,1, , ,2,5,3,5, ,2,3, ,heritage,self employed genealogist,2,2,2,2,2,4,tied to husband's job,8,1,6,6,3, ,3,4,2,1,none,2, ,production engineer,3, ,2,4,7,5,9,8,3,10,1,6,5,4,5,5,1,2,5,5,5,3,1,1,7,1,4,2,5,4,3,3,3,3,5,4
3/22/2016 13:12:58,3/22/2016 13:22:44,0,100,586,1,3/22/2016 13:22:45, ,anonymous,1,2,31,4, , ,2,3,3,5, ,2,1, ,SOFTWARE,Senior engineer,4,1,4,2,2,2, ,5,5,4,5,8, ,2,4,2,1,Enterpreneur,4, ,Doctor,7, ,7,1,6,5,10,9,4,2,3,8,1,1,7,7,2,1,1,7,7,7,1,2,1,1,1,1,6,3,7,5,7,5,7,7
3/22/2016 13:14:41,3/22/2016 13:22:55,0,100,493,1,3/22/2016 13:22:56, ,anonymous,1,2,41,4, , ,2,5,6,4, ,3,3, ,local government,librarian,2,1,4,2,1,1, ,8,3,6,7,3, ,3,4,2,1,seamtress,1, ,chef,1, ,4,5,1,9,6,3,2,10,7,8,2,3,3,2,5,5,3,3,6,4,4,6,3,5,4,4,6,3,5,4,4,3,6,4
3/22/2016 13:17:44,3/22/2016 13:23:35,0,100,351,1,3/22/2016 13:23:36, ,anonymous,1,2,46,1, , ,1,6,6,2, ,1,1, ,fishing,accountant,5,2,1,1,1,1, ,5,3,3,1,3, ,3,4,2,1,shop assistant,1, ,fireman,1, ,3,4,1,6,10,9,5,8,7,2,2,4,3,4,3,5,1,4,5,6, ,5,3,2,4,7,5,3,4,5,2,5,4,2
3/22/2016 13:17:48,3/22/2016 13:27:12,0,100,564,1,3/22/2016 13:27:13, ,anonymous,1,2,29,1, , ,1,6,8,4, ,1,1, ,Education,Manager,1,2,3,3,3,1, ,5, ,4,4,2, ,4,4,2,1,Manager,7, ,Builder,4, ,4,1,6,5,8,7,2,9,3,10,5,5,3,2,2,3,5,5,2,3,3,1,3,5,7,1,2,5,5,2,5,5,6,5
3/22/2016 13:16:53,3/22/2016 13:27:17,0,100,623,1,3/22/2016 13:27:19, ,anonymous,1,2,48,1, , ,2,4,6,3, ,2,3, ,education,exam invigilator,1,1,5,2,2,1, ,6,5,4,5,6, ,3,2,1,0,wages clerk,1, ,No father present,9, ,3,2,1,4,7,5,6,10,8,9,1,5,4,1,6,6,2,3,4,6,3,5,4,4,3,7,5,5,4,3,5,4,3,5
3/22/2016 13:20:34,3/22/2016 13:27:24,0,100,410,1,3/22/2016 13:27:25, ,anonymous,1,2,37,1, , ,1,10,9,4, ,4,1, ,Hospitality,Hostess,1,2,3,3,3,1, ,5,1,2,3,9, ,3,6,4,1,Nurse,3, ,Bailiff,3, ,2,3,6,4,10,7,5,8,1,9,2,4,5,3,5,6,3,5,4,5,2,1,3,4,4,3,4,4,3,3,3,4,4,3
3/22/2016 13:10:07,3/22/2016 13:28:15,0,100,1087,1,3/22/2016 13:28:15, ,anonymous,1,2,25,1, , ,1,9,10,2, ,5,2, ,Pub,Barmaid,1,2,3,3,2,2, ,5,1,1,1,3, ,4,5,3,1,Speech and language therapist,4, ,Various baptist things,4, ,6,1,2,9,5,7,4,10,8,3,3,4,5,4,5,6,2,4,1,1,1,4,7,1,4,4,4,5,1,4,4,2,3,3
3/22/2016 13:23:41,3/22/2016 13:31:50,0,100,488,1,3/22/2016 13:31:51, ,anonymous,1,2,32,1, , ,2,6,9,2, ,3,3, ,Law,Admin Assistant,3,1,3,2,1,1, ,4,1,1,1,7, ,3,2,1,1,Housewife,2, ,Unemployed,2, ,5,8,1,7,3,2,10,6,9,4,1,1,1,1,7,7,1,1,6,7,3,6,6,1,7,7,2,5,7,1,2,1,7,2
3/22/2016 13:27:08,3/22/2016 13:32:27,0,100,318,1,3/22/2016 13:32:28, ,anonymous,1,2,27,1, , ,2,6,7,2, ,3,3, ,Engineering,Admin work,5,1,4,2,1,2, ,5,1,1,1,1, ,3,5,3,1,Factory Worker,1, ,unemployed,1, ,3,2,6,7,8,4,5,9,10,1,2,2,3,1,5,5,3,2,5,6,5,5,6,7,3,5,3,4,5,2,2,4,3,3
3/22/2016 13:26:41,3/22/2016 13:33:11,0,100,390,1,3/22/2016 13:33:12, ,anonymous,1,2,46,1, , ,2,3,3,4, ,1,1, ,Education,Academic Administrator,6,1,3,3,3,1, ,9,5,4,5,7, ,3,4,2,1,Secretary,2, ,Government,2, ,6,1,2,8,7,4,3,10,5,9,2,2,4,4,5,5,2,2,5,5,5,6,4,4,4,5,2,6,5,2,3,4,6,4
3/22/2016 13:27:59,3/22/2016 13:33:19,0,100,320,1,3/22/2016 13:33:20, ,anonymous,1,2,27,1, , ,1,6,6,4, ,2,1, ,Education,ESL teacher,3,2,2,2,2,2, ,4,3,10,11,3, ,4,4,2,1,Checkout operator,1, ,Junior manager,2, ,4,1,2,6,10,3,5,9,8,7,2,3,1,2,7,7,1,2,7,7,7,7,3,5,3,7,5,5,2,2,4,3,6,5
3/22/2016 13:26:38,3/22/2016 13:33:26,0,100,408,1,3/22/2016 13:33:27, ,anonymous,1,2,24,1, , ,1,5,4,5, ,2,1, ,Technology,Freelancer,2,2,2,2,2,1, ,6,5,6,7,1, ,3,3,1,2,pharmacist,4, ,pharmacist,4, ,9,5,4,7,8,1,10,2,3,6,4,6,6,4,4,6,4,3,5,4,3,5,1,4,5,6,3,2,3,5,5,6,6,6
3/22/2016 13:29:01,3/22/2016 13:34:17,0,100,315,1,3/22/2016 13:34:19, ,anonymous,1,2,50,1, , ,2,5,5,4, ,3,3, ,law,solicitor,7,1,3,2,1,1, ,5,5,8,9,2, ,3,4,2,1,none,1, ,works manager,1, ,6,2,3,9,10,1,8,4,7,5,6,6,6,6,3,3,6,6,4,3,1,1,2,1,6,1,7,4,5,3,2,6,1,5
3/22/2016 13:27:46,3/22/2016 13:34:24,0,100,397,1,3/22/2016 13:34:25, ,anonymous,1,2,39,1, , ,2,5,6,2, ,2,1, ,PUBLIC SECTOR,CLERK TYPIST,2,1,4,2,2,1, ,6,5,3,4,3, ,3,2,1,1,CLEANER,1, ,TRAIN DRIVER,2, ,6,1,4,8,7,2,3,10,9,5,1,2,5,1,6,7,4,1,1,6,4,1,7,1,6,1,3,4,5,2,3,2,5,3
3/22/2016 13:28:53,3/22/2016 13:34:26,0,100,332,1,3/22/2016 13:34:27, ,anonymous,1,2,33,1, , ,1,9,9,2, ,2,1, ,RETAIL,CUSTOMER ADVISOR,2,1,2,1,1,2, ,3, ,2,1,3, ,2,2,1,0,HOUESWIFE,2, ,GARDENER,2, ,8,7,5,1,9,10,2,6,3,4,1,3,1,1,6,7,1,1,6,7,2,6,3,5,5,5,5,3,7,1,3,5,5,3
3/22/2016 13:26:34,3/22/2016 13:34:54,0,100,500,1,3/22/2016 13:34:55, ,anonymous,1,2,54,1, , ,5,8,9,1, ,2,1, ,customer service,advisor,2, ,1,1,1,2, ,2,3,4,2,8, ,5,6,4,4,housewife,1, ,gunsmith,1, ,2,1,6,3,7,4,9,5,10,8,4,4,6,4,1,4,5,4,7,5,4,7,5,1,4,4,6,4,3,6,3,5,1,4
3/22/2016 13:22:40,3/22/2016 13:35:20,0,100,760,1,3/22/2016 13:35:21, ,anonymous,1,2,43,1, , ,5,7,8,4, ,2,5,in work benifits,service,dressmaker,2,1,2,1,1,2, ,4,1,1,1,3, ,3,5,3,0,homemaker,2, ,electrician,2, ,4,3,1,5,10,6,2,9,7,8,3,4,1,3,1,6,1,2,7,5,4,7,6,1,1,5,4,4,5,4,4,3,6,4
3/22/2016 13:25:21,3/22/2016 13:36:07,0,100,646,1,3/22/2016 13:36:08, ,anonymous,1,2,27,1, , ,1,6,5,4, ,1,1, ,Purchasing,Buying Assistant,4,2,4,4,2,1, ,11,3,4,5,3, ,4,4,1,3,Driver,1, ,n/a,9, ,9,1,3,5,8,2,6,10,7,4,2,4,3,3,5,6,3,4,2,5,4,1,4,4,5,5,5,5,6,3,5,4,4,5
3/22/2016 13:22:24,3/22/2016 13:36:16,0,100,831,1,3/22/2016 13:36:17, ,anonymous,1,2,37,1, , ,1,4,5,4, ,2,5,self employed earnings and tax credits,sales,sales representative,1,1,2,1,1,2, ,2,2,2,3,3, ,3,5,3,1,manager,2, ,hospitality,7, ,2,1,9,3,7,6,4,10,5,8,3,3,5,2,5,6,2,6,5,5,3,7,3,3,6,6,3,5,5,3,5,3,3,3
3/22/2016 13:31:10,3/22/2016 13:37:48,0,100,397,1,3/22/2016 13:37:49, ,anonymous,1,2,48,1, , ,5,6,5,2, ,2,1, ,healthcare,nanny,3,1,2,1,1,1, ,3,5,6,7,3, ,2,3,1,1,hairdresser,1, ,clerk,1, ,6,5,2,9,3,1,10,7,4,8,1,1,1,1,7,7,1,1,4,7,3,4,6,2,5,6,4,5,6,2,5,1,7,5
3/22/2016 13:23:42,3/22/2016 13:37:59,0,100,856,1,3/22/2016 13:37:59, ,anonymous,1,2,24,4, , ,1,7,7,4, ,5,5,Savings,Catering,Waitress,3,2,4,4,2,1, ,4,5,7,6,1, ,3,4,0,2,Seamstress,3, ,Electrician,1, ,2,1,6,8,5,4,3,10,7,9,3,5,5,6,2,4,7,7,3,1,1,5,5,1,7,2,5,3,7,2,2,2,4,3
3/22/2016 13:26:57,3/22/2016 13:38:05,0,100,667,1,3/22/2016 13:38:07, ,anonymous,1,2,55,1, , ,1,5,5,2, ,5,3, ,defence,executive assistant,5,1,2,2,1,1, ,5,5,6,7,3, ,3,4,2,1,prototype wirer,1, ,managing director,2, ,4,1,3,5,7,8,2,10,6,9,3,3,3,5,3,3,5,4,4,4,2,1,3,1,4,1,4,2,4,3,3,3,4,4
3/22/2016 13:30:36,3/22/2016 13:38:21,0,100,464,1,3/22/2016 13:38:22, ,anonymous,1,2,27,1, , ,1,4,3,5, ,1,1, ,Charity,Policy officer,5,2,2,2,2,2, ,5,4,4,5,3, ,5,7,5,1,None,2, ,Warehouse manager,2, ,10,1,6,8,5,4,3,9,2,7,2,2,3,2,3,6,2,4,7,7,6,4,6,6,3,7,1,5,6,2,2,3,6,3
3/22/2016 13:32:26,3/22/2016 13:38:59,0,100,393,1,3/22/2016 13:39:00, ,anonymous,1,2,25,1, , ,1,6,5,4, ,5,2, ,Retail,Customer Service Assistant,1,2,3,3,2,1, ,6, ,10,11,3, ,3,5,3,2,Housewife,2, ,Computer Systems Engineer,2, ,5,1,2,9,7,3,4,10,6,8,3,4,4,3,5,6,3,5,2,3,1,1,6,2,6,2,2,2,5,2,2,2,4,2
3/22/2016 13:31:56,3/22/2016 13:39:13,0,100,436,1,3/22/2016 13:39:14, ,anonymous,1,2,44,1, , ,5,4,6,3, ,1,1, ,Engineering,Administration,4,1,4,4,4,1, ,8,4,3,3,1, ,3,4,2,2,Cleaner,2, ,Lorry driver,2, ,10,4,1,7,5,3,8,9,6,2,3,3,3,5,5,6,3,3,6,5,3,4,3,5,5,5,6,1,6,1,1,3,7,1
3/22/2016 13:34:38,3/22/2016 13:39:18,0,100,280,1,3/22/2016 13:39:19, ,anonymous,1,2,46,1, , ,1,5,6,5, ,1,1, ,libraries,manager,6,1,3,1,1,1, ,7,1,1,2,6, ,6,7,5,2,stay at home mother,4, ,CEo,5, ,6,5,1,7,4,2,8,9,10,3,2,2,1,4,5,5,3,4,7,6,5,4,4,5,5,4,4,5,4,4,5,3,4,4
3/22/2016 13:33:02,3/22/2016 13:39:33,0,100,390,1,3/22/2016 13:39:34, ,anonymous,1,2,34,1, , ,1,6,6,3, ,1,1, ,RETAIL,ACCOUNTS ASSISTANT,4,1,4,2,2,1, ,6,5,2,1,3, ,3,6,4,1,BARMAID,1, ,MANUAL LABOURER,1, ,7,1,2,8,9,4,3,10,5,6,1,5,1,1,7,7,1,4,7,7,7,7,2,6,3,7,7,2,7,1,1,1,7,5
3/22/2016 13:29:10,3/22/2016 13:39:35,0,100,624,1,3/22/2016 13:39:35, ,anonymous,1,2,43,1, , ,1,7,7,4, ,4,5,I'm self employed and my income is in-work benefits and earned money,Marketing/advertising,Internal Account Manager,3,1,2,1,1,2, ,3,1,1,1,3, ,3,4,2,1,Receptionist,2, ,Driver,2, ,5,2,6,4,9,8,3,7,1,10,3,4,5,3,5,3,4,6,3,3,2,1,5,1,5,2,3,4,5,3,2,4,4,3
3/22/2016 13:29:18,3/22/2016 13:40:05,0,100,646,1,3/22/2016 13:40:06, ,anonymous,1,2,63,1, , ,2,4,6,2, ,6,3, ,Pre-school education,Pre-School Deputy supervisor,2,1,2,2,2,1, ,3,4,5,6,3, ,3,5,3,0,Factory worker,1, ,Factory worker,1, ,4,1,6,5,10,8,2,9,3,7,2,6,7,5,1,3,5,7,2,3,1,2,6,1,6,2,5,4,5,3,2,2,4,5
3/22/2016 13:32:52,3/22/2016 13:40:11,0,100,439,1,3/22/2016 13:40:12, ,anonymous,1,2,41,1, , ,2,4,4,5, ,3,3, ,Local Government,IT Resource Management,5,1,3,2,1,1, ,6,4,5,6,10,Ocado,4,5,3,1,Primary School Teacher,4, ,Computer Programmer,5, ,8,1,2,6,4,3,5,7,9,10,1,3,5,3,2,3,3,5,3,3,3,5,4,3,6,3,3,5,2,5,5,5,4,7
3/22/2016 13:28:46,3/22/2016 13:41:11,0,100,745,1,3/22/2016 13:41:13, ,anonymous,1,2,27,1, , ,2,4,5,3, ,2,1, ,Hospitality,Reception,2,1,4,2,2,1, ,6,5,4,5,8, ,2,3,1,1,Housewife,2, ,Mechanic,2, ,10,7,3,6,1,2,8,4,9,5,2,3,3,2,5,5,3,2,6,6,6,7,4,5,3,7,5,6,7,2,5,2,6,6
3/22/2016 13:19:57,3/22/2016 13:41:43,0,100,1305,1,3/22/2016 13:41:44, ,anonymous,1,2,36,1, , ,1,6,9,3, ,2,1, ,Sales,Sales manager,2,1,4,2,2,1, ,3,2,1,11,3, ,6,9,4,4,Factory worker,2, ,Kitchen maker,2, ,4,1,7,2,8,6,3,10,9,5,5,6,6,4,5,5,4,5,3,4,3,4,4,2,5,3,4,3,5,3,5,4,3,5
3/22/2016 13:33:18,3/22/2016 13:42:30,0,100,551,1,3/22/2016 13:42:31, ,anonymous,1,2,30,1, , ,1,4,6,4, ,1,1, ,Publishing,Editor,5,1,3,2,2,1, ,7,2,3,1,3, ,3,6,4,1,None,1, ,Teacher,7, ,10,1,7,3,6,4,2,8,9,5,6,4,5,5,1,4,6,6,4,2,1,1,1,1,4,1,3,2,3,3,2,1,6,2
3/22/2016 13:31:22,3/22/2016 13:44:26,0,100,783,1,3/22/2016 13:44:27, ,anonymous,1,2,36,1, , ,2,6,6,4, ,2,3, ,Internet,Web search evaluator,2,1,5,2,2,1, ,7,1,1,1,2, ,3,5,3,2,Typist,1, ,Accountant,1, ,4,2,1,5,6,7,9,10,8,3,2,4,5,7,5,3,3,3,1,1,1,1,4,1,5,1,1,4,7,1,1,1,4,1
3/22/2016 13:37:12,3/22/2016 13:45:34,0,100,501,1,3/22/2016 13:45:34, ,anonymous,1,2,34,1, , ,1,6,6,4, ,1,1, ,Healthcare,Nurse,4,2,3,3,2,1, ,6,5,7,8,9, ,3,5,3,0,Factory operative,2, ,Train guard,2, ,10,3,2,7,4,1,8,9,6,5,3,5,5,3,1,3,2,1,5,5,2,7,3,2,2,5,5,6,5,2,5,4,6,5
3/22/2016 13:31:41,3/22/2016 13:45:55,0,100,854,1,3/22/2016 13:45:56, ,anonymous,1,2,46,1, , ,2,3,5,2, ,2,1, ,service industry,Beauty Therapist,2,1,4,2,2,1, ,7,4,4,1,3, ,4,4,2,2,florist,1, ,civil engineer,7, ,4,1,3,9,6,2,5,7,8,10,3,3,5,4,3,5,4,5,1,5,2,1,6,2,4,2,5,3,4,2,4,2,6,4
3/22/2016 13:40:43,3/22/2016 13:46:17,0,100,334,1,3/22/2016 13:46:19, ,anonymous,1,2,27,1, , ,1,4,3,5, ,1,1, ,Emergency services,Police officer,5,2,3,3,3,2, ,5,5,5,6,3, ,2,2,1,1,office manager,2, ,prison officer,2, ,10,1,6,7,2,3,4,8,5,9,3,3,4,3,4,4,4,3,2,1,1,1,4,2,5,2,5,5,2,2,3,4,4,4
3/22/2016 13:41:48,3/22/2016 13:47:32,0,100,344,1,3/22/2016 13:47:33, ,anonymous,1,2,52,1, , ,2,4,4,4, ,1,1, ,healthcare,registered nurse,4,1,3,3,2,1, ,6,5,5,6,3, ,3,6,4,1,secretary,2, ,farmer,2, ,3,1,2,5,10,9,6,7,4,8,4,6,5,5,2,2,6,6,4,3,3,3,4,3,5,3,4,3,5,3,3,3,5,3
3/22/2016 13:30:14,3/22/2016 13:48:23,0,100,1088,1,3/22/2016 13:48:23, ,anonymous,1,2,39,1, , ,2,4,6,5, ,2,1, ,Social care,Social worker,4,1,5,2,2,1, ,6,3,4,1,3, ,3,4,2,2,Cleaner,1, ,Driver,1, ,8,5,1,4,3,2,6,10,7,9,2,6,2,2,6,4,4,2,4,3,1,1,6,1,7,2,5,5,2,4,5,4,4,5
3/22/2016 13:33:46,3/22/2016 13:48:49,0,100,903,1,3/22/2016 13:48:50, ,anonymous,1,2,28,1, , ,1,4,5,3, ,1,1, ,Charity,Debt advisor,4,2,2,2,2,2, ,6,2,2,3,3, ,5,6,4,1,Nurse,3, ,Electrician,3, ,9,1,2,10,4,3,6,8,5,7,1,5,3,2,6,6,1,3,2,3,2,1,2,1,4,2,2,2,5,2,3,2,6,3
3/22/2016 13:35:52,3/22/2016 13:49:21,0,100,808,1,3/22/2016 13:49:22, ,anonymous,1,2,48,1, , ,2,5,5,2, ,1,1, ,Retail,Acccounts,4,1,3,2,2,1, ,6,5,8,9,1, ,3,5,3,2,Farmer,1, ,Farmer,1, ,9,1,5,8,6,2,7,10,3,4,4,5,6,4,2,3,4,7,5,4,3,2,4,3,4,3,3,4,4,1,3,3,6,3
3/22/2016 13:33:19,3/22/2016 13:49:31,0,100,971,1,3/22/2016 13:49:32, ,anonymous,1,2,57,1, , ,2,5,5,4, ,1,1, ,Finance,Administrator,6,1,3,3,1,1, ,6,5,7,8,3, ,3,4,2,1,Homemaker,1, ,Primary school teacher,3, ,4,1,2,8,7,5,3,9,6,10,2,5,7,1,5,5,2,5,7,6,1,7,5,1,6,5,5,6,2,2,3,6,3,5
3/22/2016 13:36:07,3/22/2016 13:50:09,0,100,842,1,3/22/2016 13:50:10, ,anonymous,1,2,50,1, , ,2,3,5,7, ,1,1, ,Education,Finance manager,7,1,5,5,4,1, ,9,2,2,1,8, ,3,5,3,1,shop assistant,1, ,lorry driver,1, ,6,2,3,8,7,5,1,10,4,9,4,5,3,4,5,4,4,3,5,6,7,7,2,7,2,7,4,5,3,6,7,7,2,6
3/22/2016 13:42:01,3/22/2016 13:50:51,0,100,530,1,3/22/2016 13:50:52, ,anonymous,1,2,45,1, , ,2,6,5,2, ,1,1, ,Business Consutancy,Manager,6,1,4,2,2,1, ,7,3,4,1,3, ,3,4,2,2,Office worker,2, ,University Lecturer,6, ,5,7,2,10,4,1,9,6,8,3,1,3,3,1,6,6,1,2,6,6,4,7,4,3,5,5,6,5,3,2,6,5,5,5
3/22/2016 13:42:50,3/22/2016 13:51:46,0,100,535,1,3/22/2016 13:51:47, ,anonymous,1,2,46,1, , ,1,5,5,5, ,2,1, ,education,supply teacher,4,2,1,1,1,1, ,11,5,8,9,3, ,4,4,2,2,housewife,3, ,accountant,7, ,5,1,7,8,4,3,2,10,6,9,2,2,4,2,5,6,2,4,2,5,2,6,4,2,6,5,1,4,5,2,4,1,4,3
3/22/2016 13:47:05,3/22/2016 13:52:29,0,100,324,1,3/22/2016 13:52:30, ,anonymous,1,2,32,1, , ,2,6,3,4, ,2,3, ,Internet,Search engine evaluator,1,1,3,2,2,1, ,6,5,6,1,9, ,5,5,3,1,None,3, ,Engineer,4, ,2,8,5,6,7,1,3,10,9,4,3,5,5,4,4,5,5,5,3,4,4,5,5,5,3,4,4,3,4,4,5,5,4,4
3/22/2016 13:48:47,3/22/2016 13:53:09,0,100,261,1,3/22/2016 13:53:09, ,anonymous,1,2,22,1, , ,1,6,6,2, ,3,4, ,Not applicable,Not applicable,3,1,2,1,1,2, ,2, ,10,11,8, ,2,2,1,0,No/a,2, ,Mon,9, ,1,2,3,4,5,6,7,8,9,10,1, ,5,5,3,3,2,2,1,6,5,4,4,3,1,1,5,2,4,4,1,4,4,4
3/22/2016 13:42:09,3/22/2016 13:53:11,0,100,661,1,3/22/2016 13:53:12, ,anonymous,1,2,30,1, , ,2,6,6,4, ,3,3, ,healthcare,administrator,3,1,5,2,1,1, ,6,1,2,2,8, ,3,5,3,1,homemaker,3, ,Engineer,2, ,6,1,3,8,9,7,2,10,5,4,1,2,2,2,3,6,1,3,5,5,5,4,4,4,5,5,5,5,3,3,2,4,4,5
3/22/2016 13:47:54,3/22/2016 13:55:07,0,100,432,1,3/22/2016 13:55:14, ,anonymous,1,2,25,1, , ,1,4,5,4, ,1,1, ,Not for profit,Digital skills officer,5,2,2,2,2,1, ,7,3,4,5,3, ,4,4,2,1,Carer,3, ,Bank Manager,7, ,10,4,1,5,7,8,6,9,2,3,3,4,2,2,5,6,3,1,4,6,4,5,3,4,5,3,3,4,4,2,3,4,5,3
3/22/2016 13:47:07,3/22/2016 13:57:13,0,100,606,1,3/22/2016 13:57:15, ,anonymous,1,2,22,1, , ,1,9,8,4, ,2,1, ,marketing,freelance/consultant,1,2,3,3,1,2, ,4,3,2,3,3, ,4,6,4,2,Stay at home mum,4, ,Telecommunications/manager,5, ,6,4,1,7,10,3,2,8,5,9,2,4,6,2,3,6,1,4,4,2,1,1,4,2,6,1,1,3,7,2,2,1,7,6
3/22/2016 13:45:26,3/22/2016 13:57:19,0,100,713,1,3/22/2016 13:57:20, ,anonymous,1,2,53,1, , ,2,7,8,4, ,4,4, ,Printing,Administrator,4,1,4,3,2,1, ,6,3,2,1,9, ,3,6,4,1,Housewife,1, ,Bakery worker,1, ,3,1,5,6,8,7,4,9,2,10,5,5,5,6,1,3,4,6,2,1,1,1,7,1,7,1,3,3,5,3,4,3,5,3
3/22/2016 13:46:09,3/22/2016 13:57:32,0,100,682,1,3/22/2016 13:57:33, ,anonymous,1,2,34,1, , ,1,4,4,3, ,2,1, ,Retail,Sales Assistant,1,1,4,2,2,1, ,6,3,3,1,3, ,5,6,4,1,Housewife,3, ,Maintenance at a car factory,2, ,6,1,5,4,9,8,3,10,2,7,5,6,6,4,1,3,4,5,2,2,1,1,6,2,6,3,5,5,3,4,4,3,6,4
3/22/2016 13:48:40,3/22/2016 13:57:54,0,100,553,1,3/22/2016 13:57:55, ,anonymous,1,2,22,1, , ,1,4,4,4, ,1,1, ,not for profit,events coordinator - administration,4,2,4,4,4,2, ,11,2,2,3,1, ,3,4,2,2,admin assistant/ office manager,2, ,sales agent,2, ,5,4,2,7,6,3,8,10,9,1,2,2,2,5,5,5,3,6,6,2,3,1,1,6,5,3,5,5,6,5,5,6,3,7
3/22/2016 13:46:49,3/22/2016 13:58:29,0,100,700,1,3/22/2016 13:58:30, ,anonymous,1,2,31,5, , ,1,2,4,4, ,2,1, ,Fincance,Customer Care Associate,3,2,2,2,2,2, ,4,1,1,2,7, ,4,5,3,2,Consultant Paediatrician,7, ,Consultant Haematologist,7, ,10,2,5,9,7,1,3,8,6,4,1,1,1,1,7,7,1,1,7,7,3,7,1,3,7,7,1,1,7,1,1,1,7,1
3/22/2016 13:48:37,3/22/2016 13:59:22,0,100,645,1,3/22/2016 13:59:23, ,anonymous,1,2,27,4, , ,1,5,5,4, ,1,1, ,Retail,Buying assistant,4,2,2,2,1,1, ,5, ,4,5,2, ,4,6,4,2,House wife,2, ,Army,2, ,6,2,8,7,3,1,4,9,5,10,1,3,2,1,7,5,3,4,3,5,4,1,4,3,6,3,4,3,5,5,3,4,4,3
3/22/2016 13:52:34,3/22/2016 14:01:41,0,100,547,1,3/22/2016 14:01:42, ,anonymous,1,2,33,1, , ,2,6,6,2, ,3,3, ,healthcare,pharmacy assistant,3,1,4,2,1,1, ,5, ,2,2,3, ,3,5,3,1,retail assistant,2, ,postman,2, ,3,1,8,5,9,7,4,6,2,10,1,4,4,5,5,5,3,6,1,4,1,1,3,2,7,1,1,1,7,1,3,1,7,5
3/22/2016 13:50:57,3/22/2016 14:01:43,0,100,645,1,3/22/2016 14:01:44, ,anonymous,1,2,22,1, , ,1,8,9,2, ,5,2, ,Nothing,Nothing,1,2,5,4,2,1, ,7,3,3,4,3, ,4,5,2,2,Office manager,2, ,Heating engineer,1, ,8,1,9,6,7,4,2,5,3,10,5,4,6,5,2,5,3,6,3,4,3,2,3,3,6,3,5,4,3,3,4,3,5,3
3/22/2016 13:53:11,3/22/2016 14:02:11,0,100,540,1,3/22/2016 14:02:12, ,anonymous,1,2,44,1, , ,2,6,8,4, ,2,3, ,consulting,quality assurance and freelance writer,1,1,3,2,1,1, ,5,2,1,1,3, ,3,3,1,1,No occupation - mother,1, ,accountant,2, ,5,1,6,9,7,3,2,10,8,4,2,7,5,6,2,2,3,7,6,2,1,5,1,1,5,6,6,5,2,6,2,3,6,6
3/22/2016 13:56:52,3/22/2016 14:03:01,0,100,369,1,3/22/2016 14:03:03, ,anonymous,1,2,38,1, , ,2,4,5,4, ,2,3, ,Retail,Silversmith,1,1,3,2,2,1, ,6,2,5,1,1, ,4,2,1,1,Computer Programmer,2, ,Manager,3, ,6,1,5,10,3,2,7,8,9,4,1,4,3,3,5,6,3,3,5,5,2,2,5,3,6,3,5,5,5,4,4,3,6,3
3/22/2016 13:44:29,3/22/2016 14:03:07,0,100,1117,1,3/22/2016 14:03:07, ,anonymous,1,2,51,1, , ,2,6,8,3, ,2,3, ,Education,Mid day supervisor,1,1,3,2,2,1, ,5,5,10,11,6, ,3,4,2,1,Homemaker,1, ,Maintenance person,3, ,3,4,1,6,8,5,2,9,7,10,5,6,3,2,3,6,2,5,6,6,5,7,4,4,3,6,7,4,6,6,7,6,1,7
3/22/2016 13:57:35,3/22/2016 14:03:15,0,100,340,1,3/22/2016 14:03:16, ,anonymous,1,2,50,1, , ,2,5,5,4, ,1,1, ,food,management,6,1,4,2,2,1, ,9,4,6,6,3, ,5,6,4,1,teacher,4, ,civil servant,1, ,6,3,1,5,10,9,7,8,4,2,2,4,6,4,3,3,3,5,4,4,3,5,3,3,5,4,4,2,5,2,2,2,6,2
3/22/2016 13:52:19,3/22/2016 14:03:26,0,100,667,1,3/22/2016 14:03:27, ,anonymous,1,2,64,1, , ,5,4,4,2, ,6,5,company pension,insurance,junior manager,5,2,1,1,1,1, ,4,5,3,4,3, ,3,5,4,0,teaching assistant,1, ,civil servant,9, ,5,1,3,6,8,7,2,10,4,9,3,4,5,5,3,3,2,5,5,4,4,4,3,4,4,3,5,2,4,3,5,5,4,5
3/22/2016 13:54:39,3/22/2016 14:03:58,0,100,558,1,3/22/2016 14:03:59, ,anonymous,1,2,24,1, , ,1,8,5,4, ,2,3, ,Design,Craft maker,1,2,2,2,1,2, ,7,5,4,5,7, ,2,3,1,2,home maker,3, ,chief mechanic,3, ,5,6,1,8,3,4,7,9,10,2,5,5,4,3,5,5,3,3,4,4,5,6,3,6,3,6,1,1,7,1,2,1,7,1
3/22/2016 13:52:12,3/22/2016 14:05:39,0,100,807,1,3/22/2016 14:05:40, ,anonymous,1,2,35,1, , ,2,5,5,5, ,2,3, ,education/training,administrative,2,1,4,2,2,2, ,6,2,3,4,9, ,4,5,3,2,teacher,3, ,head teacher,4, ,3,5,10,2,8,7,1,9,4,6,2,3,7,3,1,4,2,7,1,3,1,3,5,1,7,4,4,5,3,2,5,6,3,5
3/22/2016 14:00:21,3/22/2016 14:06:43,0,100,382,1,3/22/2016 14:06:44, ,anonymous,1,2,32,1, , ,1,3,5,4, ,3,3, ,housewife,housewife,1,1,5,2,1,1, ,6,2,2,3,7, ,3,5,3,1,housewife,1, ,self employed,1, ,10,7,2,6,3,1,8,4,9,5,2,3,3,5,5,3,5,5,2,5,2,2,6,2,4,3,5,5,4,2,5,3,6,5
3/22/2016 13:57:12,3/22/2016 14:06:54,0,100,582,1,3/22/2016 14:06:55, ,anonymous,1,2,43,1, , ,1,5,6,2, ,3,4, ,hospitality,barperson,4,1,6,4,2,2, ,4,1,1,1,1, ,4,6,4,1,builder,2, ,builder,2, ,2,3,4,1,8,5,6,10,9,7,6,5,5,7,1,2,6,4,1,2,2,4,4,1,4,2,4,4,4,4,3,3,4,5
3/22/2016 14:00:04,3/22/2016 14:07:05,0,100,420,1,3/22/2016 14:07:06, ,anonymous,1,2,33,1, , ,1,5,6,4, ,2,1, ,self employed with own business,self employed,2,2,4,4,3,1, ,5, ,10,11,1, ,3,6,4,1,foster carer,2, ,tax inspector,2, ,8,2,1,9,7,4,5,10,3,6,2,4,4,3,5,4,3,3,1,3,1,6,7,1,6,3,6,6,2,4,2,2,6,2
3/22/2016 14:01:17,3/22/2016 14:07:12,0,100,355,1,3/22/2016 14:07:13, ,anonymous,1,2,28,1, , ,1,7,9,2, ,2,1, ,retail,customer service assistant,2,1,4,2,2,1, ,7,3,2,1,9, ,3,4,2,0,barmaid,2, ,marined,9, ,7,2,3,8,9,1,5,10,4,6,1,2,4,1,5,7,3,2,1,5,4,1,5,4,5,1,5,5,6,3,6,7,4,5
3/22/2016 13:53:36,3/22/2016 14:08:03,0,100,867,1,3/22/2016 14:08:04, ,anonymous,1,2,18,4, , ,1,8,9,2, ,5,2, ,Customer service,Sales assistant,1,2,4,3,2,1, ,6,1,1,3,3, ,3,4,2,2,Dental hygienist,3, ,Advertising sales,2, ,8,2,7,6,9,1,10,4,3,5,5,3,4,5,2,3,3,4,3,3,2,1,4,2,4,3,5,3,6,3,3,2,4,3
3/22/2016 13:57:20,3/22/2016 14:09:04,0,100,703,1,3/22/2016 14:09:05, ,anonymous,1,2,47,1, , ,2,4,4,4, ,2,1, ,education,primary school teacher,3,1,4,2,2,1, ,5, ,3,3,3, ,3,4,1,1,housewife,1, ,labourer,1, ,6,2,3,8,4,1,5,10,9,7,2,2,2,2,6,6,2,3,4,3,1,1,6,1,6,1,5,6,7,3,6,5,6,6
3/22/2016 14:01:19,3/22/2016 14:09:15,0,100,476,1,3/22/2016 14:09:16, ,anonymous,1,2,37,1, , ,1,6,6,5, ,2,1, ,Internet,Consultant,1,2,2,2,2,4,shared ownership,2,5,4,5,3, ,2,4,2,0,bookkepper,3, ,bookbinder,3, ,9,2,1,10,8,5,3,7,4,6,3,4,4,3,5,4,3,4,6,4,4,3,4,4,3,5,4,4,4,5,5,2,6,3
3/22/2016 14:03:50,3/22/2016 14:09:16,0,100,326,1,3/22/2016 14:09:17, ,anonymous,1,2,39,1, , ,1,7,7,2, ,2,1, ,Utilities,Distributor,2,1,5,3,2,1, ,6,2,2,1,2, ,3,5,2,1,Checkout operator,1, ,IT,4, ,3,2,4,5,6,7,1,8,9,10,4,6,4,4,3,6,3,4,5,5,5,4,4,1,4,2,6,4,4,3,5,4,5,6
3/22/2016 13:49:42,3/22/2016 14:09:25,0,100,1183,1,3/22/2016 14:09:26, ,anonymous,1,2,62,1, , ,5,3,4,2, ,6,5,dla,RetailManagment,Manager,4,1,2,2,1,1, ,6,1,5,6,8, ,2,5,4,0,no work,1, ,no father,9, ,7,1,3,4,6,8,2,9,5,10,4,7,7,7,1,1,1,7,1,1,1,1,1,1,1,1,6,1,1,1,4,2,1,4
3/22/2016 14:03:36,3/22/2016 14:10:14,0,100,398,1,3/22/2016 14:10:15, ,anonymous,1,2,23,1, , ,1,8,7,2, ,5,5,Disability benefits,N/a,N/a,1,2,5,5,1,1, ,6, ,1,2,7, ,3,4,2,2,Pharmacy technition,1, ,Lecturer,3, ,1,5,4,7,9,2,3,10,6,8,6,6,4,7,7,5,7,3,7,4,6,7,2,4,5,6,6,7,4,4,4,4,5,5
3/22/2016 14:01:17,3/22/2016 14:10:13,0,100,535,1,3/22/2016 14:10:16, ,anonymous,1,2,35,1, , ,2,4,6,5, ,2,3, ,computing,search engine evaluator,1,1,4,2,2,1, ,5,2,2,1,7, ,4,4,2,1,admin officer,3, ,manager,2, ,7,3,2,9,6,1,4,8,10,5,2,4,5,4,5,5,3,4,5,5,4,1,1,1,6,4,5,4,5,3,3,2,6,4
3/22/2016 14:02:51,3/22/2016 14:11:31,0,100,520,1,3/22/2016 14:11:32, ,anonymous,1,2,28,1, , ,1,5,6,4, ,2,1, ,law,executive,3,2,1,1,1,1, ,3,5,3,1,7, ,4,5,3,2,homemaker,4, ,doctor,7, ,6,1,5,4,9,7,2,10,3,8,4,5,5,3,1,2,5,6,3,3,1,2,7,1,6,2,4,3,4,3,3,4,4,3
3/22/2016 14:04:36,3/22/2016 14:11:32,0,100,416,1,3/22/2016 14:11:33, ,anonymous,1,2,38,1, , ,1,3,4,4, ,1,1, ,Art & Design,Designer,6,2,2,2,2,1, ,7,3,5,1,3, ,6,6,4,2,Early Years Teacher,2, ,Retail Buyer,4, ,4,1,5,10,6,7,2,9,3,8,2,1,4,2,5,5,3,5,5,5,2,2,6,2,4,5,3,2,4,3,2,2,6,2
3/22/2016 14:04:21,3/22/2016 14:11:56,0,100,454,1,3/22/2016 14:11:57, ,anonymous,1,2,36,1, , ,2,4,4,5, ,1,1, ,Education,Company director,5,2,2,2,2,1, ,7,3,5,6,1, ,3,4,2,1,Admin manager,2, ,Production planner,2, ,10,2,1,6,8,4,3,7,5,9,1,1,3,1,6,7,1,4,6,6,4,6,1,6,2,6,1,3,7,1,3,2,6,2
3/22/2016 14:04:06,3/22/2016 14:13:33,0,100,567,1,3/22/2016 14:13:34, ,anonymous,1,2,52,1, , ,5,3,6,2, ,1,1, ,Estate Agencu,Administrator,3,1,2,2,2,2, ,6,2,2,3,1, ,4,4,2,1,Self employed business owner,2, ,Self employed business owner,1, ,7,2,3,8,6,5,1,9,10,4,5,6,7,7,2,1,7,7,1,2,1,1,7,1,6,1,2, ,4,2,2,2,7,3
3/22/2016 14:07:17,3/22/2016 14:13:46,0,100,389,1,3/22/2016 14:13:47, ,anonymous,1,2,29,1, , ,1,3,5,4, ,1,1, ,sexual health,teach,4,2,2,2,2,2, ,6,1,1,1,7, ,3,4,2,0,carer,2, ,decorator,2, ,5,6,1,7,4,3,8,10,9,2,1,3,5,1,2,6,2,2,3,7,6,2,4,5,3,5,5,5,3,5,5,5,3,5
3/22/2016 14:04:40,3/22/2016 14:15:24,0,100,643,1,3/22/2016 14:15:25, ,anonymous,1,2,55,1, , ,1,5,6,4, ,6,5,Company pension,IT,Programme Manager,7,2,1,1,1,1, ,6,5,8,9,3, ,4,5,3,2,Secretary,2, ,Accountant,4, ,3,1,4,9,8,7,2,10,5,6,3,5,5,5,3,3,5,5,3,3,3,3,3,3,5,3,6,2,6,3,2,3,3,3
3/22/2016 14:08:59,3/22/2016 14:15:54,0,100,414,1,3/22/2016 14:15:54, ,anonymous,1,2,44,1, , ,1,5,6,4, ,1,1, ,education,librarian,4,1,4,2,2,1, ,6,5,4,5,7, ,3,5,3,1,bank worker,2, ,utilities worker,2, ,2,1,6,4,7,8,5,9,3,10,5,4,3,5,4,3,4,3,3,5,5,3,4,5,2,5,5,5,2,5,5,5,2,5
3/22/2016 14:05:53,3/22/2016 14:16:13,0,100,619,1,3/22/2016 14:16:14, ,anonymous,1,2,41,6,white/black caribbean, ,1,4,6,3, ,1,1, ,Catering,Sous Chef,4, ,2,2,1,1, ,4,3,2,3,3, ,4,3,1,2,Benefits supervisor,3, ,Electrician,3, ,4,5,6,2,10,9,3,7,8,1,3,6,7,5,1,4,5,5,3,2,3,4,4,3,6,2,4,4,5,3,5,4,4,5
3/22/2016 14:06:54,3/22/2016 14:18:16,0,100,682,1,3/22/2016 14:18:17, ,anonymous,1,2,42,1, , ,2,3,4,5, ,2,3, ,healthcare,Assistant Psychologist,5,1,4,2,2,1, ,7,5,2,1,3, ,4,5,3,3,nurse,3, ,RAF pilot,3, ,8,5,3,10,6,1,2,9,7,4,3,2,3,4,5,5,3,4,5,6,5,6,3,6,3,5,3,3,6,2,4,5,7,3
3/22/2016 14:06:43,3/22/2016 14:18:37,0,100,713,1,3/22/2016 14:18:38, ,anonymous,1,2,45,1, , ,2,10,10,2, ,3,3, ,construction,office manager/site secretary,4,1,2,2,2,2, ,3,2,1,1,3, ,3,3,2,0,home maker,1, ,rail engineer,2, ,5,9,2,3,10,8,1,7,6,4,3,6,6,1,7,6,6,5,7,7,7,7,1,6,5,7,5,5,6,3,2,6,3,4
3/22/2016 14:07:31,3/22/2016 14:19:25,0,100,714,1,3/22/2016 14:19:27, ,anonymous,1,2,38,1, , ,1,5,5,4, ,1,1, ,Advertising,Digital development,6,2,2,2,2,2, ,7,1,1,1,3, ,3,3,1,1,Solicitor's assistant,2, ,Self-employed,2, ,9,1,6,3,4,2,7,8,10,5,1,3,4,3,5,3,3,4,3,3,2,1,5,1,6,3,3,4,5, ,4,3,5,4
3/22/2016 14:14:33,3/22/2016 14:20:58,0,100,385,1,3/22/2016 14:20:59, ,anonymous,1,2,44,1, , ,2,5,6,4, ,1,1, ,not for profit organisation,Advice Caseworker,6,1,3,2,2,2, ,7,3,4,5,3, ,4,6,4,1,Machine Operative,2, ,Engineer,2, ,7,1,2,6,8,9,3,10,4,5,4,5,6,6,2,3,6,6,4,3,2,2,5,2,7,1,3,4,5,2,3,3,5,4
3/22/2016 14:12:43,3/22/2016 14:21:30,0,100,526,1,3/22/2016 14:21:31, ,anonymous,1,2,53,1, , ,2,5,6,4, ,3,3, ,healthcare,registered nurse,4,1,4,4,2,1, ,4,5,6,7,3, ,3,5,3,1,caterer,1, ,tool maker,1, ,4,1,6,5,8,9,2,10,3,7,5,6,6,6,3,3,5,6,2,3,2,2,4,2,6,4,4,4,5,3,3,4,6,4
3/22/2016 14:09:04,3/22/2016 14:22:02,0,100,778,1,3/22/2016 14:22:03, ,anonymous,1,2,56,1, , ,2,4,4,3, ,1,1, ,healthcare,biomedical scientist,7,1,4,4,3,1, ,8,4,4,1,3, ,4,6,3,2,school lab technician,2, ,photographic studio manager,8,photographic night school qualification,2,1,6,4,8,7,3,9,5,10,4,3,5,3,3,4,3,6,4,3,3,4,5,3,5,4,5,2,5,3,2,3,6,2
3/22/2016 14:06:02,3/22/2016 14:22:18,0,100,976,1,3/22/2016 14:22:19, ,anonymous,1,2,55,1, , ,2,6,3,7, ,2,3, ,Legal services,Legal costs work,2,1,3,2,2,1, ,9,5,9,10,3, ,2,4,2,1,housewife,1, ,railway worker,1, ,3,1,6,8,7,4,5,9,2,10,2,5,4,3,5,5,4,3,4,3,5,7,4,4,5,3,4,3,3,6,5,6,3,6
3/22/2016 14:19:17,3/22/2016 14:23:32,0,100,254,1,3/22/2016 14:23:33, ,anonymous,1,2,47,1, , ,2,3,2,6, ,1,1, ,IT,Consultant,8,2,2,2,2,1, ,10,3,5,1,3, ,3,4,2,1,Self-employed,2, ,Self-employed,2, ,2,3,5,4,6,7,1,10,8,9,3,7,6,4,3,2,5,5,1,1,1,4,7,1,5,1,6,7,2,4,5,5,2,4
3/22/2016 14:11:55,3/22/2016 14:24:17,0,100,742,1,3/22/2016 14:24:19, ,anonymous,1,2,22,1, , ,1,7,5,4, ,1,1, ,Financial customer service,Customer service advisor,4,2,2,2,2,2, ,6,4,4,5,3, ,2,3,2,1,Teacher,3, ,Metal work / handyman,1, ,10,1,7,9,8,2,3,6,4,5,2,5,6,3,5,5,3,3,2,5,3,5,3,6,5,5,1,2,7,1,1,1,7,5
3/22/2016 14:14:20,3/22/2016 14:24:23,0,100,603,1,3/22/2016 14:24:24, ,anonymous,1,2,41,1, , ,2,3,3,6, ,2,5,investments from previous salary,education,maths tutor,3,1,3,2,2,1, ,6,5,9,10,3, ,5,4,2,1,farmers wife,2, ,farmer,1, ,3,1,9,5,10,6,4,7,2,8,4,5,5,5,2,3,6,7,5,4,4,5,3,3,6,3,5,5,4,3,4,5,4,4
3/22/2016 14:09:04,3/22/2016 14:25:33,0,100,989,1,3/22/2016 14:25:34, ,anonymous,1,2,30,1, , ,1,7,8,1, ,2,5,Disability benefits,Charity,Receptionist,1,1,3,1,1,2, ,4,2,1,1,3, ,3,5,3,2,Childminder,2, ,He worked for the council in regeneration,1, ,9,7,2,8,6,3,5,10,4,1,2,5,4,3,5,6,3,5,2,3,1,6,6,1,6,5,3,2,5,2,1,5,3,3
3/22/2016 14:14:33,3/22/2016 14:25:43,0,100,669,1,3/22/2016 14:25:44, ,anonymous,1,2,61,1, , ,3,6,8,4, ,1,1, ,not for profit charity,Housing Project Worker,4,2,2,2,2,1, ,6,5,2,3,3, ,3,5,3,0,Cleaner,2, ,Mechanical engineer,1, ,8,2,1,4,10,7,3,9,5,6,6,4,5,4,1,6,6,7,7,2,1,4,3,4,5,1,6,5,5, ,4,3,6,4
3/22/2016 14:17:57,3/22/2016 14:25:53,0,100,476,1,3/22/2016 14:25:54, ,anonymous,1,2,36,1, , ,1,9,9,2, ,1,1, ,Government,Communications,5,2,2,2,2,1, ,6,1,2,1,8, ,2,3,1,0,Cleaner,1, ,Post office driver,2, ,4,1,3,6,5,2,7,10,8,9,5,5,7,5,1,1,4,5,1,1,1,1,5,1,5,1,3,1,4,3,2,1,7,1
3/22/2016 14:16:07,3/22/2016 14:26:28,0,100,620,1,3/22/2016 14:26:29, ,anonymous,1,2,36,1, , ,3,6,6,3, ,2,1, ,healthcare,carer,3,1,3,2,2,1, ,7,3,4,4,6, ,2,4,1,1,bank clerk,2, ,factory worker,3, ,10,3,1,4,7,2,5,9,6,8,1,4,2,3,6,6,3,4,6,4,7,7,4,6,1,7,2,6,4,2,6,5,7,5
3/22/2016 14:11:48,3/22/2016 14:26:55,0,100,906,1,3/22/2016 14:26:56, ,anonymous,1,1,28,2, , ,1,9,9,2, ,5,4, ,Volunteer,Administrator,1,1,3,1,1,2, ,1,3,1,1,8, ,2,7,5,2,Travel agent,3, ,Pulication,3, ,4,1,2,5,8,6,3,7,9,10,6,7,6,6,2,3,2,6,1,1,1,1,1,1,1,1,1,1,6,3,2,1,1,1
3/22/2016 14:12:13,3/22/2016 14:27:05,0,100,892,1,3/22/2016 14:27:06, ,anonymous,1,2,28,1, , ,1,5,4,7, ,1,1, ,Accountancy,Auditor,6,2,2,2,2,1, ,7,5,6,4,6, ,3,4,2,2,Secretary,2, ,Sales,2, ,9,1,2,10,7,3,6,8,5,4,2,3,5,2,4,5,2,2,5,5,2,2,5,1,4,5,3,2,5,2,3,2,4,3
3/22/2016 14:21:24,3/22/2016 14:28:20,0,100,416,1,3/22/2016 14:28:21, ,anonymous,1,2,41,1, , ,1,7,7,2, ,3,3, ,veterinary practice,nurse,3,1,5,2,1,1, ,6,2,1,1,3, ,3,4,2,1,secaretary,2, ,clerk,2, ,5,2,1,6,8,9,3,10,4,7,3,5,4,3,2,4,5,5,3,2,2,2,6,2,6,2,6,4,5,4,5,4,5,4
3/22/2016 14:21:26,3/22/2016 14:29:53,0,100,506,1,3/22/2016 14:29:54, ,anonymous,1,2,29,1, , ,2,6,6,4, ,1,1, ,retail,admin manager,5,1,4,2,2,2, ,7,2,3,4,3, ,3,4,2,2,personal assistant,1, ,purchasing manager,3, ,5,10,1,7,4,2,8,9,6,3,4,5,3,4,3,4,4,2,4,5,3,2,2,1,5,4,4,5,5,2,4,4,5,5
3/22/2016 14:21:15,3/22/2016 14:30:30,0,100,554,1,3/22/2016 14:30:32, ,anonymous,1,2,27,4, , ,1,7,9,3, ,2,2, ,Outsourcing,Editor,1,2,7,6,5,1, ,1,1,1,1,3, ,3,8,5,1,Storekeeper,2, ,Engineer,4, ,9,3,1,8,10,4,7,6,5,2,3,7,3,1,6,6,2,4,7,7,5,7,3,4,4,7,4,4,5,1,4,4,4,4
3/22/2016 14:26:25,3/22/2016 14:34:00,0,100,455,1,3/22/2016 14:34:01, ,anonymous,1,2,32,1, , ,3,4,3,6, ,1,1, ,Education (university),Lecturer,6,2,2,2,2,2, ,8, ,6,7,10,Local,2,4,2,1,Civil Servant,3, ,Police Constable,2, ,9,5,7,10,6,2,8,3,4,1,3,5,3,3,3,3,3,3,4,2,2,6,2,5,5,5,5,3,3,5,4,2,6,3
3/22/2016 14:24:06,3/22/2016 14:34:06,0,100,599,1,3/22/2016 14:34:07, ,anonymous,1,2,25,1, , ,1,7,6,4, ,1,1, ,Events,Wedding Executive,4,2,2,2,2,1, ,4,2,2,1,6, ,3,2,1,1,auxiliary nurse,3, ,bricklayer,3, ,3,7,6,9,8,1,10,5,2,4,2,5,4,3,5,3,4,3,2,3,3,1,5,1,7,1,3,1,7,1,1,1,7,1
3/22/2016 14:26:47,3/22/2016 14:35:35,0,100,528,1,3/22/2016 14:35:35, ,anonymous,1,2,38,1, , ,2,6,5,4, ,3,3, ,Education,primary school teacher,6,1,4,2,1,1, ,7,2,2,1,3, ,4,9,7,0,homemaker,1, ,youth worker,3, ,2,1,3,5,6,4,7,8,9,10,4,3,4,2,1,1,3,3,1,1,1,1,1,1,5,1,1,3,3,1,2,1,4,1
3/22/2016 14:29:08,3/22/2016 14:36:48,0,100,459,1,3/22/2016 14:36:49, ,anonymous,1,2,38,1, , ,2,2,7,2, ,1,1, ,engineering,office manager,4,2,2,2,2,1, ,6,2,1,1,2, ,2,2,0,1,shop owner,1, ,shop owner,1, ,5,3,7,2,8,9,4,6,1,10,2,4,4,4,3,4,5,4,5,3,3,3,3,3,4,3,2,2,6,3,3,3,5,3
3/22/2016 14:28:52,3/22/2016 14:37:32,0,100,519,1,3/22/2016 14:37:33, ,anonymous,1,2,35,1, , ,2,8,8,4, ,4,5,savings,customer service,Post office counter clerk,1,2,2,2,1,2, ,5,3,2,2,3, ,4,5,3,1,shop assistant,3, ,schoolteacher,3, ,4,1,5,3,7,8,2,9,6,10,5,3,5,4,3,3,4,6,6,5,4,5,3,3,5,3,4,3,2,4,3,2,6,3
3/22/2016 14:30:53,3/22/2016 14:38:53,0,100,480,1,3/22/2016 14:38:54, ,anonymous,1,2,54,1, , ,2,6,7,2, ,5,5,investment income,local govt,library asst,2,1,2,2,2,1, ,4,5,7,8,3, ,3,4,2,1,cleaner,1, ,tractor driver,1, ,2,1,4,3,8,9,5,10,6,7,3,6,6,4,4,5,3,5,3,4,2,5,3,3,4,3,3,3,6,3,4,3,3,5
3/22/2016 14:10:05,3/22/2016 14:39:41,0,100,1776,1,3/22/2016 14:39:42, ,anonymous,1,2,41,1, , ,2,4,5,4, ,1,1, ,Education,Clerical assistant,4,1,3,2,2,1, ,7,3,6,5,3, ,3,2,0,1,Housewife,2, ,Self employed,1, ,5,3,1,8,4,2,7,9,10,6,1,3,2,4,5,6,2,3,3,5,1,1,3,1,6,2,5,4,4,4,5,5,3,4
3/22/2016 14:35:52,3/22/2016 14:42:01,0,100,369,1,3/22/2016 14:42:02, ,anonymous,1,2,40,1, , ,2,6,5,4, ,2,3, ,Healthcare,Staff nurse,2,1,5,W,2,1, ,5,3,2,3,2, ,3,4,2,2,Teachers,3, ,Teacher,4, ,5,1,2,7,8,4,6,9,3,10,2,5,3,3,5,3,5,2,5,3,1,1,5,1,7,1,3,6,4,2,5,7,6,5
3/22/2016 14:53:59,3/22/2016 15:01:04,0,100,424,1,3/22/2016 15:01:05, ,anonymous,1,2,49,7, ,none,3,6,5,3, ,1,1, ,education,behaviour,4,1,2,2,2,2, ,4,3,3,3,1, ,2,2,0,2,0,1, ,lorry driver,1, ,3,1,2,4,6,5,7,10,8,9,3,4,4,4,3,4,4,4,2,4,5,4,4,4,4,4,4,4,3,4,4,3,3,4
3/22/2016 14:52:27,3/22/2016 15:03:33,0,100,666,1,3/22/2016 15:03:34, ,anonymous,1,2,40,1, , ,2,4,5,5, ,2,1, ,Government,Librarian,5,1,4,2,2,1, ,7,4,4,4,2, ,3,5,3,2,Housewife,1, ,Builder,1, ,1,6,2,3,7,4,5,8,9,10,2,5,5,1,6,7,1,4,7,7,3,6,3,1,3,6,5,7,3,5,5,5,2,7
3/22/2016 14:53:07,3/22/2016 15:04:10,0,100,663,1,3/22/2016 15:04:11, ,anonymous,1,2,38,1, , ,2,4,8,2, ,2,3, ,Retail,Customer assistant,2,1,5,2,2,2, ,11,1,1,1,3, ,3,4,2,1,Cleaner,2, ,Salesman,2, ,9,6,2,7,4,1,5,10,8,3,1,7,1,1,6,5,2,3,6,7,6,2,2,1,5,5,4,3,5,3,4,3,4,4
3/22/2016 14:51:34,3/22/2016 15:04:50,0,100,796,1,3/22/2016 15:04:51, ,anonymous,1,2,23,1, , ,3,7,8,2, ,2,1, ,sales,dot com,2,2,2,2,2,2, ,4,4,4,5,1, ,3,4,2,1,Shop work,2, ,Rail work,2, ,4,6,1,7,8,5,3,9,10,2,2,5,3,1,5,5,2,3,6,4,3,7,2,6,3,7,4,4,5,3,4,4,4,4
3/22/2016 14:53:49,3/22/2016 15:04:56,0,100,666,1,3/22/2016 15:04:57, ,anonymous,1,2,33,1, , ,2,8,7,4, ,2,3, ,healthcare,allied health professional,4,1,3,2,2,1, ,7,2,2,3,6, ,2,2,1,0,housewife,3, ,NA,9, ,10,1,2,3,8,6,4,7,5,9,4,5,5,6,2,5,5,5,2,2,2,1,7,2,7,6,5,3,6,2,3,2,7,3
3/22/2016 14:54:13,3/22/2016 15:06:10,0,100,716,1,3/22/2016 15:06:11, ,anonymous,1,2,24,1, , ,1,9,8,2, ,4,4, ,Retail,Customer service assistant,1,2,4,4,1,1, ,2,3,1,1,3, ,4,5,0,4,Unemployed,1, ,N/A,9, ,3,8,2,5,9,7,6,10,4,1,2,5,3,3,4,4,3,6,2,3,1,3,5,1,1,5,2,2,6,2,4,5,4,4
3/22/2016 15:03:06,3/22/2016 15:07:24,0,100,258,1,3/22/2016 15:07:26, ,anonymous,1,2,31,1, , ,3,4,4,4, ,1,1, ,Charity,Admin,4,2,2,2,2,2, ,6,3,2,3,3, ,3,4,2,1,Shop assistant,2, ,Decorator,1, ,7,1,5,8,6,2,4,3,9,10,2,4,4,3,4,5,3,4,3,3,3,2,4,4,4,3,5,4,5,3,3,3,5,4
3/22/2016 15:03:39,3/22/2016 15:11:02,0,100,442,1,3/22/2016 15:11:03, ,anonymous,1,1,34,1, , ,1,8,8,4, ,3,3, ,education,early years,2,1,5,2,1,2, ,5,2,2,2,1, ,3,5,3,1,cleaner,1, ,chef,3, ,10,3,1,8,6,2,7,9,5,4,3,4,6,4,3,2,3,5,2,2,2,1,1,1,5,7,6,6,4,6,2,1,7,1
3/22/2016 15:03:09,3/22/2016 15:13:09,0,100,599,1,3/22/2016 15:13:10, ,anonymous,1,2,42,1, , ,2,5,4,6, ,3,3, ,education,university lecturer,4,1,3,2,1,1, ,7,2,2,1,3, ,4,5,3,1,small business owner,4, ,chartered accountant,8,professional accounting qualification,8,1,5,10,6,3,2,9,4,7,3,3,4,3,2,4,4,5,3,2,2,4,5,2,6,2,4,3,4,2,2,3,6,3
3/22/2016 15:04:49,3/22/2016 15:15:30,0,100,640,1,3/22/2016 15:15:30, ,anonymous,1,2,20,1, , ,1,6,5,4, ,1,1, ,education,teacher,5,2,2,2,2,2, ,7,3,4,5,3, ,2,2,0,1,mechanic,3, ,mechanican,3, ,9,2,1,10,7,5,4,6,8,3,1,4,5,2,6,6,2,3,6,7,4,4,6,3,3,6,6,7,3,6,5,6,4,4
3/22/2016 15:09:03,3/22/2016 15:16:28,0,100,445,1,3/22/2016 15:16:29, ,anonymous,1,2,51,1, , ,3,3,4,2, ,1,1, ,Junior hr manager,Junior hr manager,5,1,3,2,1,1, ,5,2,5,3,8, ,2,3,1,1,Junior hr manager,2, ,Raf,2, ,1,2,3,4,6,8,5,10,7,9,6,6,7,7,5,5,7,6,6,7,7,6,6,7,7,7,7,6,7,7,7,6,6,7
3/22/2016 15:01:12,3/22/2016 15:16:41,0,100,928,1,3/22/2016 15:16:42, ,anonymous,1,2,36,1, , ,3,5,4,4, ,1,1, ,scientific research,research administration,4,2,2,2,2,2, ,7,5,6,6,3, ,5,6,4,2,childminder,4, ,driver,2, ,1,2,7,8,9,3,6,10,4,5,2,5,4,3,4,5,2,4,5,4,2,1,3,3,6,5,3,2,5,3,3,2,6,2
3/22/2016 14:53:08,3/22/2016 15:19:40,0,100,1591,1,3/22/2016 15:19:41, ,anonymous,1,2,52,1, , ,2,4,5,3, ,1,1, ,retail,admin,3,1,2,2,2,1, ,11,5,8,9,2, ,2,2,4,0,nurse,3, ,self employed,3, ,3,1,2,5,8,7,4,10,6,9,1,3,1,1,6,6,3,4,3,3,1,1,4,5,5,4,2,2,7,1,2,2,6,3
3/22/2016 15:11:52,3/22/2016 15:24:03,0,100,731,1,3/22/2016 15:24:04, ,anonymous,1,2,29,1, , ,1,4,6,4, ,1,1, ,Social Work,Front line worker,5,2,4,4,2,4,Family,6,2,1,1,6, ,3,4,0,2,cook,3, ,Tuning cars,2, ,2,1,4,6,8,5,3,9,7,10,3,5,5,7,2,2,6,5,2,1,1,1,5,4,5,3,4,4,5,2,2,2,4,4
3/22/2016 15:19:36,3/22/2016 15:26:02,0,100,386,1,3/22/2016 15:26:03, ,anonymous,1,2,18,1, , ,1,8,8,2, ,2,2, ,Food,Customer Service,2,2,5,2,1,2, ,5,2,3,3,8, ,4,5,4,0,Customer Service,4, ,Customer Service,2, ,3,4,6,5,10,9,1,7,2,8,5,5,4,5,4,4,5,5,3,3,3,3,3,3,5,3,3,4,4,4,5,4,5,4
3/22/2016 15:18:43,3/22/2016 15:27:29,0,100,526,1,3/22/2016 15:27:30, ,anonymous,1,2,50,1, , ,2,4,5,4, ,2,1, ,finance,credit manager,4,1,4,2,2,1, ,7,3,6,6,3, ,3,3,1,1,school clerk,1, ,manager,1, ,3,1,7,8,4,5,2,9,6,10,2,4,5,2,3,5,3,5,4,5,2,5,3,3,3,5,5,4,4,4,4,3,3,4
3/22/2016 15:17:22,3/22/2016 15:28:05,0,100,642,1,3/22/2016 15:28:06, ,anonymous,1,2,57,1, , ,2,6,7,3, ,5,3, ,Training,Admin,2,2,2,2,1,1, ,5,2,1,1,3, ,4,5,3,2,Housewife,2, ,Occupational Hygienist,5, ,8,2,1,9,7,4,3,10,5,6,2,5,2,3,5,5,3,3,5,5,3,5,5,2,5,5,5,3,5,2,3,3,5,3
3/22/2016 15:16:22,3/22/2016 15:29:07,0,100,764,1,3/22/2016 15:29:08, ,anonymous,1,2,35,1, , ,1,3,3,4, ,1,1, ,Education,Head of Marketing,7,2,2,2,2,1, ,9, ,5,1,3, ,4,4,2,3,Teacher,4, ,Senior Buyer,2, ,3,1,2,5,9,7,6,10,8,4,2,2,2,1,2,6,2,3,6,4,5,7,2,5,1,7,1,4,3,5,4,2,1,2
3/22/2016 15:21:55,3/22/2016 15:29:21,0,100,446,1,3/22/2016 15:29:22, ,anonymous,1,2,34,1, , ,2,4,5,7, ,1,1, ,Law,Lawyer,6,1,3,2,2,1, ,8,4,4,5,3, ,3,4,2,1,Office clerk,2, ,Accountant,3, ,6,8,2,9,5,1,10,3,7,4,1,5,5,1,3,5,3,2,5,5,3,3,4,3,5,6,5,5,6,3,4,3,7,4
3/22/2016 15:14:11,3/22/2016 15:29:30,0,100,919,1,3/22/2016 15:29:31, ,anonymous,1,2,29,1, , ,2,5,4,4, ,2,1, ,healthcare,registered midwife,4,1,3,2,2,1, ,7,2,1,2,7, ,4,6,3,2,insurance broker,2, ,artist,4, ,9,1,5,7,8,4,3,6,2,10,5,4,5,4,2,3,5,6,4,5,4,1,3,6,4,4,5,3,2,5,4,2,6,3
3/22/2016 15:12:17,3/22/2016 15:33:00,0,100,1243,1,3/22/2016 15:33:01, ,anonymous,1,2,30,1, , ,1,4,4,5, ,2,1, ,Psychology,Sport Psychology Consultant,3,2,3,3,3,1, ,8,5,3,4,9, ,4,4,2,2,School Secretary,2, ,Banker,2, ,8,1,9,7,5,6,2,4,3,10,2,3,5,4,2,4,6,6,4,4,2,1,2,1,6,1,1,2,6,1,4,2,7,5
3/22/2016 15:32:37,3/22/2016 15:39:39,0,100,422,1,3/22/2016 15:39:40, ,anonymous,1,2,25,1, , ,1,4,6,4, ,1,1, ,Media,Freelance photographer and writer,4,2,2,2,2,1, ,6,3,3,1,3, ,3,3,1,2,Manager,4, ,Health and safety officer,2, ,8,6,2,9,7,1,5,10,3,4,2,5,5,3,6,5,3,4,7,6,3,6,3,3,5,7,6,6,7,2,5,3,7,3
3/22/2016 15:31:57,3/22/2016 15:39:41,0,100,464,1,3/22/2016 15:39:42, ,anonymous,1,2,39,1, , ,2,5,5,5, ,3,3, ,Government,Information Specialist,5,1,4,2,1,2, ,7,4,10,11,3, ,3,5,3,1,Assistant cook (school),1, ,TV repair man,2, ,5,2,1,10,6,4,7,9,8,3,1,3,3,3,4,5,3,5,5,5,2,1,2,2,5,5,2,2,5,3,5,3,6,5
3/22/2016 15:31:56,3/22/2016 15:41:47,0,100,591,1,3/22/2016 15:41:48, ,anonymous,1,2,53,1, , ,5,8,5,3, ,4,4, ,Retail,Sales assistant,3,1,4,3,1,1, ,3,3,3,4,3, ,4,7,5,2,Teacher,5, ,Police Officer,2, ,8,5,1,9,3,2,7,10,6,4,1,5,2,2,4,5,3,3,3,5,3,6,4,3,5,5,2,3,5,1,1,5,6,5
3/22/2016 15:37:42,3/22/2016 15:42:41,0,100,298,1,3/22/2016 15:42:42, ,anonymous,1,2,43,1, , ,2,4,3,5, ,2,3, ,writing,freelance writer,2,1,5,2,2,1, ,9,3,5,11,3, ,3,4,2,1,teacher,3, ,teacher,3, ,8,2,1,10,7,3,4,9,6,5,2,2,2,2,3,5,2,2,6,6,4,7,1,6,3, ,2,3,6,2,2,2,5,2
3/22/2016 15:38:57,3/22/2016 15:45:31,0,100,393,1,3/22/2016 15:45:32, ,anonymous,1,2,36,1, , ,2,6,8,5, ,1,1, ,software,software developer,4,1,3,2,1,1, ,4,2,1,1,6, ,2,5,3,0,home maker,1, ,mechanic,1, ,7,4,1,9,8,2,3,10,5,6,1,2,1,1,7,7,6,1,7,7,7,7,7,5,7,7,7,6,6,3,3,5,7,4
3/22/2016 15:40:17,3/22/2016 15:46:33,0,100,376,1,3/22/2016 15:46:35, ,anonymous,1,2,33,1, , ,2,7,7,2, ,3,3, ,Automotive,Accounts,4,1,4,2,1,2, ,5,2,2,1,7, ,4,5,3,2,Market trader,2, ,Computer analyst,4, ,4,1,6,7,10,9,3,8,2,5,6,7,6,6,1,3,6,5,3,2,1,1,5,1,7,3,3,6,6,3,3,6,7,5
3/22/2016 15:42:57,3/22/2016 15:50:35,0,100,458,1,3/22/2016 15:50:36, ,anonymous,1,2,43,1, , ,1,8,10,2, ,2,3, ,Food,Retail,2,2,2,2,2,2, ,6,1,1,1,6, ,3,4,1,1,Factory worker,2, ,No father around,9, ,2,1,7,4,10,3,6,8,5,9,6,7,7,7,1,1,1,4,2,1,1,1,3,3,7,1,7,4,5,2,6,7,4,7
3/22/2016 15:43:52,3/22/2016 15:55:29,0,100,696,1,3/22/2016 15:55:30, ,anonymous,1,2,59,1, , ,2,2,4,8,NPQH,6,5,Teachers pension,Education,Primary school teacher,6,1,2,2,2,1, ,6,4,4,5,3, ,4,5,3,2,Teacher,8,Teacher's certificate,Nuclear scientist,4, ,7,6,1,9,4,5,3,10,2,8,3,5,5,6,1,2,6,6,1,1,1,4,7,1,6,1,4,3,5,3,4,6,3,4
3/22/2016 16:05:01,3/22/2016 16:12:06,0,100,425,1,3/22/2016 16:12:07, ,anonymous,1,2,26,1, , ,1,5,5,4, ,1,1, ,Finance,Dept manager,5,2,2,2,2,1, ,7,2,3,3,3, ,4,4,2,2,Admin,1, ,Retail,1, ,4,1,6,5,10,7,3,9,2,8,1,3,6,1,7,7,1,6,5,4,1,1,1,5,6,5,1,4,6,4,3,1,7,2
3/22/2016 16:33:55,3/22/2016 16:38:27,0,100,272,1,3/22/2016 16:38:28, ,anonymous,1,2,31,1, , ,1,4,5,4, ,1,1, ,Manufacturing,Office Manager,4,2,1,1,1,1, ,4,1,1,1,1, ,4,6,4,1,Shop Assistant,1, ,Self Employed,1, ,3,1,5,6,8,4,2,10,7,9,1,5,5,1,7,7,1,1,6,6,6,2,6,3,5,7,6,6,5,5,5,6,5,5
3/22/2016 16:40:13,3/22/2016 16:56:41,0,100,987,1,3/22/2016 16:56:43, ,anonymous,1,2,33,1, , ,2,5,4,4, ,1,1, ,Manufacturing,Process technologist,5,1,3,2,2,1, ,7,3,3,1,3, ,3,8,6,2,Childminder,1, ,Business improvement manager,6, ,7,1,2,6,9,8,3,10,4,5,5,5,5,4,3,5,5,6,4,3,3,5,5,3,6,3,5,3,5,3,3,3,5,5
3/28/2016 18:05:46,3/28/2016 18:20:53,0,100,907,1,3/28/2016 18:20:54, ,anonymous,1,2,23,1, , ,1,5,5,4, ,2,1, ,Acting,Actor,2,2,2,2,2,1, ,4,5,4,5,3, ,4,4,2,2,Teacher,5, ,Ophthalmologist,8,Unsure of the level (at least Bachelor's degree),6,1,9,5,7,2,8,4,3,10,2,3,5,5,3,2,5,5,1,3,3,1,5,2,7,2,2,1,5,3,1,3,4,1
3/22/2016 11:26:37,3/22/2016 11:32:53,0,69,375,0,3/29/2016 12:33:01, ,anonymous,1,2,60,1, , ,2,6,5,2, ,1,1, ,cleaning,superviser,3,2,2,2,2,3, ,4,1,2,3,7, , , , , , , , , , , , , , , , , , , , , , , , , , , , , , , , , , , , , , , , , , , , , 
3/22/2016 11:08:25,3/22/2016 11:56:46,0,97,2901,0,3/29/2016 12:56:49, ,anonymous,1,2,56,1, , ,2,3,5,5, ,2,3, ,voluntary admin and counselling. I cannot take paid employment as I care for my disabled daughter and need to be available at unpredictable times,voluntary admin and counselling,2,1,6,5,2,1, ,9,2,2,3,3, ,3,4,2,2,Matron of private hospital,4, ,Storeman,2, ,10,5,1,7,2,3,6,9,8,4,1,2,1,1,1,3,1,2,2,2,1,6,2,2,7,6,1,1,6,1,1,4,7,2
3/22/2016 14:26:00,3/22/2016 14:40:04,0,97,843,0,3/29/2016 15:41:02, ,anonymous,1,2,68,1, , ,2,7,5,4, ,6,5,Occupational pension,Education,University lecturer,7,1,3,3,3,1, ,8,5,7,8,3, ,4,3,2,1,Shopkeeper,1, ,Fabric manufacturer,1, ,6,2,1,3,9,8,4,10,5,7,1,4,5,5,5,5,3,4,3,2,1,3,2,2,4,2,4,3,2,4,4,2,4,4
3/22/2016 15:11:50,3/22/2016 15:13:06,0,17,76,0,3/29/2016 16:13:23, ,anonymous,1,2,40,1, , ,3, , , , , , , , , , , , , , , , , , , , , , , , , , , , , , , , , , , , , , , , , , , , , , , , , , , , , , , , , , , , , , , , , , 
3/22/2016 15:29:50,3/22/2016 15:31:49,0,6,118,0,3/29/2016 16:32:04, ,anonymous,1, , , , , , , , , , , , , , , , , , , , , , , , , , , , , , , , , , , , , , , , , , , , , , , , , , , , , , , , , , , , , , , , , , , , , , , , 
3/22/2016 15:39:11,3/22/2016 15:48:57,0,97,585,0,3/29/2016 16:49:10, ,anonymous,1,2,52,1, , ,1,6,6,4, ,1,1, ,Private P.A,P.A,6,1,1,1,1,4,Flat comes with job,6,1,2,3,3, ,3,4,2,1,Black Cab Driver,2, ,Taxi driver,2, ,10,1,2,8,7,3,4,6,5,9,1,3,4,3,5,3,5,3,6,4,2,5,2,4,6,5,1,1,7,1,1,3,5,1
3/22/2016 15:50:10,3/22/2016 15:50:55,0,17,44,0,3/29/2016 16:51:08, ,anonymous,1,2,28,1, , ,1, , , , , , , , , , , , , , , , , , , , , , , , , , , , , , , , , , , , , , , , , , , , , , , , , , , , , , , , , , , , , , , , , , 
